time,actual_price,predicted_price
2018-03-14 23:00:00,32.54,34.341736
2018-03-15 00:00:00,20.14,31.382603
2018-03-15 01:00:00,14.66,32.08377
2018-03-15 02:00:00,13.54,30.047054
2018-03-15 03:00:00,13.77,29.312014
2018-03-15 04:00:00,17.37,27.976713
2018-03-15 05:00:00,36.61,30.715952
2018-03-15 06:00:00,44.88,48.465633
2018-03-15 07:00:00,53.24,48.108467
2018-03-15 08:00:00,54.28,48.749866
2018-03-15 09:00:00,54.24,47.28688
2018-03-15 10:00:00,53.77,45.626953
2018-03-15 11:00:00,52.07,45.083332
2018-03-15 12:00:00,49.05,42.82904
2018-03-15 13:00:00,44.15,41.01346
2018-03-15 14:00:00,42.05,41.17782
2018-03-15 15:00:00,41.79,40.16163
2018-03-15 16:00:00,45.72,43.28716
2018-03-15 17:00:00,57.34,50.386272
2018-03-15 18:00:00,66.3,56.24439
2018-03-15 19:00:00,64.86,59.393513
2018-03-15 20:00:00,57.4,53.686172
2018-03-15 21:00:00,49.17,48.74639
2018-03-15 22:00:00,42.73,43.626167
2018-03-15 23:00:00,53.24,40.299244
2018-03-16 00:00:00,45.47,32.511696
2018-03-16 01:00:00,41.69,33.07023
2018-03-16 02:00:00,39.09,33.292816
2018-03-16 03:00:00,38.55,33.635517
2018-03-16 04:00:00,43.79,35.311024
2018-03-16 05:00:00,52.36,43.803642
2018-03-16 06:00:00,57.24,54.32881
2018-03-16 07:00:00,63.78,56.58447
2018-03-16 08:00:00,64.7,58.825424
2018-03-16 09:00:00,61.54,58.230343
2018-03-16 10:00:00,61.07,57.67283
2018-03-16 11:00:00,60.3,56.28015
2018-03-16 12:00:00,58.3,54.3587
2018-03-16 13:00:00,54.86,51.94245
2018-03-16 14:00:00,52.35,51.08862
2018-03-16 15:00:00,50.32,51.053604
2018-03-16 16:00:00,51.53,52.533848
2018-03-16 17:00:00,55.33,54.965714
2018-03-16 18:00:00,63.52,59.52865
2018-03-16 19:00:00,62.27,63.547592
2018-03-16 20:00:00,62.06,61.428963
2018-03-16 21:00:00,58.1,55.955044
2018-03-16 22:00:00,53.09,52.8427
2018-03-16 23:00:00,50.05,50.165127
2018-03-17 00:00:00,44.97,44.364967
2018-03-17 01:00:00,42.59,38.751446
2018-03-17 02:00:00,43.62,40.4835
2018-03-17 03:00:00,44.44,44.301178
2018-03-17 04:00:00,45.6,42.18131
2018-03-17 05:00:00,45.0,44.74626
2018-03-17 06:00:00,45.32,48.45346
2018-03-17 07:00:00,48.28,51.768387
2018-03-17 08:00:00,55.35,52.83499
2018-03-17 09:00:00,56.09,54.080536
2018-03-17 10:00:00,56.37,54.702885
2018-03-17 11:00:00,57.24,52.925095
2018-03-17 12:00:00,56.4,52.6993
2018-03-17 13:00:00,53.31,49.20488
2018-03-17 14:00:00,50.09,48.83019
2018-03-17 15:00:00,48.35,48.911766
2018-03-17 16:00:00,49.6,50.921467
2018-03-17 17:00:00,54.21,54.380016
2018-03-17 18:00:00,63.57,60.820568
2018-03-17 19:00:00,73.69,61.164314
2018-03-17 20:00:00,67.93,62.75291
2018-03-17 21:00:00,64.33,59.872883
2018-03-17 22:00:00,59.28,57.978317
2018-03-17 23:00:00,55.41,54.148884
2018-03-18 00:00:00,53.16,48.252872
2018-03-18 01:00:00,49.2,46.614098
2018-03-18 02:00:00,48.17,43.16027
2018-03-18 03:00:00,46.76,42.102085
2018-03-18 04:00:00,47.25,43.736797
2018-03-18 05:00:00,46.73,43.62133
2018-03-18 06:00:00,45.66,45.522446
2018-03-18 07:00:00,48.2,47.825344
2018-03-18 08:00:00,46.77,50.72498
2018-03-18 09:00:00,46.58,53.76518
2018-03-18 10:00:00,46.62,53.413
2018-03-18 11:00:00,46.13,52.02589
2018-03-18 12:00:00,45.39,51.818634
2018-03-18 13:00:00,45.04,49.714207
2018-03-18 14:00:00,41.33,46.49066
2018-03-18 15:00:00,29.18,44.34424
2018-03-18 16:00:00,36.4,43.11348
2018-03-18 17:00:00,47.22,48.947845
2018-03-18 18:00:00,53.73,56.002197
2018-03-18 19:00:00,58.17,60.594612
2018-03-18 20:00:00,58.79,61.286503
2018-03-18 21:00:00,55.67,56.314274
2018-03-18 22:00:00,52.83,52.493668
2018-03-18 23:00:00,52.01,48.072624
2018-03-19 00:00:00,49.5,39.912865
2018-03-19 01:00:00,47.45,39.902317
2018-03-19 02:00:00,45.76,37.802483
2018-03-19 03:00:00,45.42,37.864384
2018-03-19 04:00:00,48.52,41.506203
2018-03-19 05:00:00,49.12,47.29316
2018-03-19 06:00:00,61.13,56.46465
2018-03-19 07:00:00,70.5,60.926846
2018-03-19 08:00:00,67.62,62.53559
2018-03-19 09:00:00,60.05,61.662453
2018-03-19 10:00:00,57.97,63.204887
2018-03-19 11:00:00,54.38,62.112453
2018-03-19 12:00:00,53.12,60.541656
2018-03-19 13:00:00,52.01,58.987545
2018-03-19 14:00:00,50.22,58.003826
2018-03-19 15:00:00,48.5,56.802685
2018-03-19 16:00:00,49.42,58.231873
2018-03-19 17:00:00,51.87,61.835117
2018-03-19 18:00:00,56.84,63.5893
2018-03-19 19:00:00,62.65,67.81543
2018-03-19 20:00:00,59.04,64.52756
2018-03-19 21:00:00,52.44,57.37308
2018-03-19 22:00:00,48.61,51.671432
2018-03-19 23:00:00,41.89,46.956833
2018-03-20 00:00:00,41.52,40.64812
2018-03-20 01:00:00,39.44,40.74073
2018-03-20 02:00:00,39.03,38.600155
2018-03-20 03:00:00,37.69,34.80841
2018-03-20 04:00:00,40.68,40.869488
2018-03-20 05:00:00,43.17,44.270935
2018-03-20 06:00:00,43.04,53.699677
2018-03-20 07:00:00,51.81,56.493946
2018-03-20 08:00:00,51.6,56.770573
2018-03-20 09:00:00,48.14,56.72146
2018-03-20 10:00:00,44.82,55.675884
2018-03-20 11:00:00,44.98,56.463665
2018-03-20 12:00:00,44.79,55.27985
2018-03-20 13:00:00,43.97,55.898716
2018-03-20 14:00:00,45.0,53.819828
2018-03-20 15:00:00,45.62,53.829258
2018-03-20 16:00:00,45.32,53.831093
2018-03-20 17:00:00,48.36,57.10443
2018-03-20 18:00:00,57.73,63.129562
2018-03-20 19:00:00,65.46,63.579494
2018-03-20 20:00:00,59.76,62.53683
2018-03-20 21:00:00,55.32,58.25545
2018-03-20 22:00:00,47.47,52.45455
2018-03-20 23:00:00,46.12,46.021595
2018-03-21 00:00:00,45.74,38.33575
2018-03-21 01:00:00,40.56,31.181942
2018-03-21 02:00:00,40.68,31.07571
2018-03-21 03:00:00,40.86,31.86827
2018-03-21 04:00:00,41.41,34.33164
2018-03-21 05:00:00,46.79,38.222557
2018-03-21 06:00:00,52.55,52.22491
2018-03-21 07:00:00,57.23,57.716713
2018-03-21 08:00:00,57.14,58.10167
2018-03-21 09:00:00,56.46,58.525265
2018-03-21 10:00:00,55.31,56.944202
2018-03-21 11:00:00,55.26,55.873905
2018-03-21 12:00:00,55.15,53.792854
2018-03-21 13:00:00,53.62,52.347763
2018-03-21 14:00:00,53.37,51.864983
2018-03-21 15:00:00,52.31,51.78889
2018-03-21 16:00:00,53.55,52.994297
2018-03-21 17:00:00,56.77,57.23513
2018-03-21 18:00:00,65.8,61.363087
2018-03-21 19:00:00,74.65,63.85221
2018-03-21 20:00:00,66.03,63.983315
2018-03-21 21:00:00,61.13,60.767708
2018-03-21 22:00:00,56.63,58.122795
2018-03-21 23:00:00,57.7,53.4319
2018-03-22 00:00:00,57.29,48.657078
2018-03-22 01:00:00,56.78,44.623646
2018-03-22 02:00:00,53.98,45.58865
2018-03-22 03:00:00,52.64,45.3088
2018-03-22 04:00:00,54.87,50.97587
2018-03-22 05:00:00,57.24,56.580322
2018-03-22 06:00:00,61.23,60.86106
2018-03-22 07:00:00,70.84,65.028625
2018-03-22 08:00:00,67.16,66.08835
2018-03-22 09:00:00,66.49,65.96771
2018-03-22 10:00:00,66.59,66.332535
2018-03-22 11:00:00,64.35,66.45603
2018-03-22 12:00:00,63.6,65.73565
2018-03-22 13:00:00,59.93,63.104015
2018-03-22 14:00:00,58.93,62.525368
2018-03-22 15:00:00,57.89,61.972904
2018-03-22 16:00:00,57.42,61.955437
2018-03-22 17:00:00,60.29,66.12893
2018-03-22 18:00:00,71.25,70.517586
2018-03-22 19:00:00,76.54,71.565094
2018-03-22 20:00:00,70.23,70.95373
2018-03-22 21:00:00,60.1,63.507374
2018-03-22 22:00:00,54.65,61.25035
2018-03-22 23:00:00,48.9,58.96225
2018-03-23 00:00:00,48.41,53.31984
2018-03-23 01:00:00,47.36,48.218685
2018-03-23 02:00:00,46.5,47.576424
2018-03-23 03:00:00,46.58,48.79634
2018-03-23 04:00:00,48.85,52.37227
2018-03-23 05:00:00,51.64,55.658592
2018-03-23 06:00:00,56.92,63.0528
2018-03-23 07:00:00,64.39,64.96708
2018-03-23 08:00:00,65.0,65.29908
2018-03-23 09:00:00,65.17,65.22989
2018-03-23 10:00:00,62.46,64.74695
2018-03-23 11:00:00,58.72,63.140327
2018-03-23 12:00:00,56.95,60.7762
2018-03-23 13:00:00,56.36,58.211025
2018-03-23 14:00:00,51.2,57.371628
2018-03-23 15:00:00,49.77,56.35825
2018-03-23 16:00:00,50.11,54.68205
2018-03-23 17:00:00,49.95,57.145683
2018-03-23 18:00:00,53.32,59.65427
2018-03-23 19:00:00,59.65,60.00508
2018-03-23 20:00:00,58.62,57.36742
2018-03-23 21:00:00,51.89,53.52581
2018-03-23 22:00:00,43.22,48.53428
2018-03-23 23:00:00,37.4,43.88736
2018-03-24 00:00:00,31.64,37.55463
2018-03-24 01:00:00,27.89,34.69768
2018-03-24 02:00:00,20.6,30.926882
2018-03-24 03:00:00,20.5,32.683544
2018-03-24 04:00:00,19.77,31.959597
2018-03-24 05:00:00,20.29,33.791126
2018-03-24 06:00:00,21.57,39.42617
2018-03-24 07:00:00,24.51,44.966694
2018-03-24 08:00:00,29.72,41.03609
2018-03-24 09:00:00,29.06,42.210194
2018-03-24 10:00:00,28.25,39.438305
2018-03-24 11:00:00,28.77,35.982235
2018-03-24 12:00:00,28.77,34.43706
2018-03-24 13:00:00,29.37,30.47262
2018-03-24 14:00:00,24.98,27.120327
2018-03-24 15:00:00,24.07,27.225883
2018-03-24 16:00:00,28.31,27.513754
2018-03-24 17:00:00,32.57,33.947666
2018-03-24 18:00:00,42.7,40.697586
2018-03-24 19:00:00,56.64,43.410236
2018-03-24 20:00:00,56.63,40.7253
2018-03-24 21:00:00,51.86,38.45883
2018-03-24 22:00:00,42.98,31.24745
2018-03-24 23:00:00,53.54,28.841156
2018-03-25 00:00:00,52.09,20.294165
2018-03-25 01:00:00,44.7,18.69027
2018-03-25 02:00:00,44.03,18.651695
2018-03-25 03:00:00,43.62,19.19278
2018-03-25 04:00:00,44.16,21.969296
2018-03-25 05:00:00,45.99,29.294426
2018-03-25 06:00:00,50.33,34.705082
2018-03-25 07:00:00,52.36,38.514225
2018-03-25 08:00:00,53.7,41.742886
2018-03-25 09:00:00,53.32,43.775467
2018-03-25 10:00:00,52.61,42.458992
2018-03-25 11:00:00,49.87,43.278297
2018-03-25 12:00:00,46.17,43.034256
2018-03-25 13:00:00,42.97,44.277542
2018-03-25 14:00:00,44.14,44.86074
2018-03-25 15:00:00,45.52,45.68415
2018-03-25 16:00:00,50.15,48.967243
2018-03-25 17:00:00,53.57,52.960777
2018-03-25 18:00:00,60.83,60.686874
2018-03-25 19:00:00,61.09,63.418438
2018-03-25 20:00:00,60.02,64.05204
2018-03-25 21:00:00,55.28,59.354046
2018-03-25 22:00:00,52.44,54.564682
2018-03-25 23:00:00,47.28,53.30176
2018-03-26 00:00:00,47.15,48.15551
2018-03-26 01:00:00,45.94,44.57654
2018-03-26 02:00:00,45.88,44.478233
2018-03-26 03:00:00,49.01,42.718647
2018-03-26 04:00:00,58.75,53.299973
2018-03-26 05:00:00,66.4,59.75032
2018-03-26 06:00:00,66.4,65.5262
2018-03-26 07:00:00,66.5,66.98473
2018-03-26 08:00:00,62.89,67.24203
2018-03-26 09:00:00,62.4,67.60768
2018-03-26 10:00:00,61.6,65.98772
2018-03-26 11:00:00,61.15,64.78505
2018-03-26 12:00:00,57.43,62.667904
2018-03-26 13:00:00,52.96,59.607758
2018-03-26 14:00:00,51.93,59.525803
2018-03-26 15:00:00,52.96,59.383396
2018-03-26 16:00:00,58.47,61.41217
2018-03-26 17:00:00,62.37,63.36511
2018-03-26 18:00:00,72.38,67.83749
2018-03-26 19:00:00,71.95,72.22298
2018-03-26 20:00:00,62.07,68.382935
2018-03-26 21:00:00,56.48,61.17774
2018-03-26 22:00:00,48.52,59.046818
2018-03-26 23:00:00,45.59,53.341835
2018-03-27 00:00:00,44.72,48.377693
2018-03-27 01:00:00,44.74,47.118923
2018-03-27 02:00:00,44.85,46.585075
2018-03-27 03:00:00,46.17,47.343952
2018-03-27 04:00:00,53.63,50.253925
2018-03-27 05:00:00,60.93,55.686478
2018-03-27 06:00:00,65.27,60.52375
2018-03-27 07:00:00,64.93,63.870663
2018-03-27 08:00:00,63.49,64.10352
2018-03-27 09:00:00,61.01,63.705864
2018-03-27 10:00:00,57.08,61.409573
2018-03-27 11:00:00,55.24,60.985523
2018-03-27 12:00:00,51.94,59.543064
2018-03-27 13:00:00,49.53,57.847256
2018-03-27 14:00:00,48.07,57.0863
2018-03-27 15:00:00,48.5,55.804184
2018-03-27 16:00:00,49.52,55.03442
2018-03-27 17:00:00,56.45,59.393887
2018-03-27 18:00:00,60.33,63.725414
2018-03-27 19:00:00,62.18,63.44608
2018-03-27 20:00:00,58.51,61.70339
2018-03-27 21:00:00,52.03,58.352352
2018-03-27 22:00:00,47.64,54.563477
2018-03-27 23:00:00,42.1,51.816273
2018-03-28 00:00:00,40.19,46.707363
2018-03-28 01:00:00,38.95,45.83792
2018-03-28 02:00:00,39.54,43.943176
2018-03-28 03:00:00,41.0,43.861782
2018-03-28 04:00:00,47.3,49.316296
2018-03-28 05:00:00,55.84,54.72784
2018-03-28 06:00:00,64.23,56.20774
2018-03-28 07:00:00,63.56,58.11634
2018-03-28 08:00:00,59.81,57.65348
2018-03-28 09:00:00,57.51,55.87383
2018-03-28 10:00:00,56.4,54.419308
2018-03-28 11:00:00,56.52,53.77751
2018-03-28 12:00:00,53.34,52.463367
2018-03-28 13:00:00,50.83,50.929176
2018-03-28 14:00:00,49.37,50.241272
2018-03-28 15:00:00,47.91,50.38181
2018-03-28 16:00:00,47.53,51.66048
2018-03-28 17:00:00,54.62,52.596
2018-03-28 18:00:00,56.07,55.17358
2018-03-28 19:00:00,56.73,57.300007
2018-03-28 20:00:00,53.07,55.67766
2018-03-28 21:00:00,45.97,51.86727
2018-03-28 22:00:00,41.58,50.694717
2018-03-28 23:00:00,38.83,45.47611
2018-03-29 00:00:00,34.85,38.753407
2018-03-29 01:00:00,34.84,38.765934
2018-03-29 02:00:00,34.84,39.071053
2018-03-29 03:00:00,35.0,38.111633
2018-03-29 04:00:00,36.69,40.374947
2018-03-29 05:00:00,42.43,43.15624
2018-03-29 06:00:00,49.47,49.777805
2018-03-29 07:00:00,50.19,53.157265
2018-03-29 08:00:00,46.72,52.888794
2018-03-29 09:00:00,45.9,52.619423
2018-03-29 10:00:00,42.07,50.888653
2018-03-29 11:00:00,40.63,49.082645
2018-03-29 12:00:00,35.81,46.963467
2018-03-29 13:00:00,31.25,46.299015
2018-03-29 14:00:00,25.03,44.852016
2018-03-29 15:00:00,21.97,43.01607
2018-03-29 16:00:00,23.87,40.185215
2018-03-29 17:00:00,24.56,42.225754
2018-03-29 18:00:00,36.45,43.021595
2018-03-29 19:00:00,38.66,43.233692
2018-03-29 20:00:00,36.34,41.300556
2018-03-29 21:00:00,33.03,36.97464
2018-03-29 22:00:00,17.59,33.45332
2018-03-29 23:00:00,16.46,28.325172
2018-03-30 00:00:00,13.59,24.427036
2018-03-30 01:00:00,13.1,22.91564
2018-03-30 02:00:00,12.15,21.265078
2018-03-30 03:00:00,12.49,19.457731
2018-03-30 04:00:00,13.79,21.533068
2018-03-30 05:00:00,12.9,24.625511
2018-03-30 06:00:00,14.61,28.18788
2018-03-30 07:00:00,16.71,29.266369
2018-03-30 08:00:00,15.67,30.116676
2018-03-30 09:00:00,16.02,30.31044
2018-03-30 10:00:00,17.16,29.540977
2018-03-30 11:00:00,17.5,28.148872
2018-03-30 12:00:00,16.18,26.89642
2018-03-30 13:00:00,12.71,24.722786
2018-03-30 14:00:00,13.92,24.714748
2018-03-30 15:00:00,13.7,24.730495
2018-03-30 16:00:00,14.22,23.528767
2018-03-30 17:00:00,17.02,28.982029
2018-03-30 18:00:00,16.79,31.801985
2018-03-30 19:00:00,19.59,31.09597
2018-03-30 20:00:00,17.66,30.827108
2018-03-30 21:00:00,15.96,27.136961
2018-03-30 22:00:00,13.63,18.694885
2018-03-30 23:00:00,10.66,18.146503
2018-03-31 00:00:00,11.57,15.333787
2018-03-31 01:00:00,14.0,16.697412
2018-03-31 02:00:00,11.04,14.831812
2018-03-31 03:00:00,11.98,15.347172
2018-03-31 04:00:00,12.55,15.9292345
2018-03-31 05:00:00,12.28,15.534078
2018-03-31 06:00:00,15.85,16.673613
2018-03-31 07:00:00,18.51,18.276688
2018-03-31 08:00:00,20.23,18.348673
2018-03-31 09:00:00,18.72,18.366735
2018-03-31 10:00:00,17.93,18.673754
2018-03-31 11:00:00,19.51,19.06613
2018-03-31 12:00:00,20.65,20.671745
2018-03-31 13:00:00,15.16,19.415655
2018-03-31 14:00:00,15.46,19.010014
2018-03-31 15:00:00,19.05,18.2809
2018-03-31 16:00:00,24.27,21.239523
2018-03-31 17:00:00,38.38,25.549091
2018-03-31 18:00:00,52.4,34.575806
2018-03-31 19:00:00,52.78,35.271767
2018-03-31 20:00:00,54.58,34.552616
2018-03-31 21:00:00,48.37,32.82492
2018-03-31 22:00:00,47.79,25.63729
2018-03-31 23:00:00,40.97,26.340443
2018-04-01 00:00:00,38.07,23.910011
2018-04-01 01:00:00,35.23,24.029808
2018-04-01 02:00:00,32.84,23.615534
2018-04-01 03:00:00,34.01,23.695852
2018-04-01 04:00:00,34.03,24.63942
2018-04-01 05:00:00,34.98,28.764847
2018-04-01 06:00:00,34.73,34.27214
2018-04-01 07:00:00,36.65,39.010456
2018-04-01 08:00:00,36.8,38.230618
2018-04-01 09:00:00,36.88,39.612076
2018-04-01 10:00:00,35.75,39.294197
2018-04-01 11:00:00,32.2,38.41795
2018-04-01 12:00:00,29.97,37.43872
2018-04-01 13:00:00,25.67,36.329353
2018-04-01 14:00:00,24.77,36.988827
2018-04-01 15:00:00,31.91,38.71188
2018-04-01 16:00:00,33.39,40.193813
2018-04-01 17:00:00,35.58,47.205658
2018-04-01 18:00:00,38.23,51.19511
2018-04-01 19:00:00,45.79,51.62301
2018-04-01 20:00:00,47.09,48.404083
2018-04-01 21:00:00,40.22,43.17898
2018-04-01 22:00:00,39.75,39.18105
2018-04-01 23:00:00,34.76,33.29912
2018-04-02 00:00:00,28.51,32.11792
2018-04-02 01:00:00,28.09,32.37649
2018-04-02 02:00:00,30.26,31.900911
2018-04-02 03:00:00,31.0,31.573479
2018-04-02 04:00:00,36.42,32.33313
2018-04-02 05:00:00,36.85,34.066296
2018-04-02 06:00:00,41.41,38.779545
2018-04-02 07:00:00,41.8,44.002083
2018-04-02 08:00:00,41.73,43.520844
2018-04-02 09:00:00,42.22,43.931175
2018-04-02 10:00:00,42.89,44.008587
2018-04-02 11:00:00,40.94,44.3828
2018-04-02 12:00:00,36.3,43.035385
2018-04-02 13:00:00,31.65,41.40838
2018-04-02 14:00:00,32.51,43.95956
2018-04-02 15:00:00,34.19,43.583405
2018-04-02 16:00:00,35.62,45.03102
2018-04-02 17:00:00,41.27,48.431488
2018-04-02 18:00:00,47.42,49.831226
2018-04-02 19:00:00,50.59,50.317703
2018-04-02 20:00:00,48.08,47.08416
2018-04-02 21:00:00,43.05,40.180412
2018-04-02 22:00:00,34.64,40.76655
2018-04-02 23:00:00,31.93,36.979282
2018-04-03 00:00:00,23.88,32.081516
2018-04-03 01:00:00,18.82,29.188908
2018-04-03 02:00:00,17.89,27.924555
2018-04-03 03:00:00,27.49,27.936636
2018-04-03 04:00:00,36.29,31.051384
2018-04-03 05:00:00,45.66,32.80767
2018-04-03 06:00:00,49.97,38.314587
2018-04-03 07:00:00,50.39,42.20439
2018-04-03 08:00:00,49.95,43.797718
2018-04-03 09:00:00,48.71,45.157494
2018-04-03 10:00:00,45.44,44.162853
2018-04-03 11:00:00,43.8,42.52079
2018-04-03 12:00:00,41.75,41.011223
2018-04-03 13:00:00,37.99,38.75972
2018-04-03 14:00:00,35.52,39.21332
2018-04-03 15:00:00,35.39,39.068047
2018-04-03 16:00:00,35.95,40.517033
2018-04-03 17:00:00,36.9,45.396637
2018-04-03 18:00:00,45.79,48.68126
2018-04-03 19:00:00,50.88,48.304592
2018-04-03 20:00:00,48.16,46.579456
2018-04-03 21:00:00,40.95,41.39392
2018-04-03 22:00:00,34.49,35.88925
2018-04-03 23:00:00,32.94,32.480255
2018-04-04 00:00:00,27.81,29.704044
2018-04-04 01:00:00,22.51,27.25488
2018-04-04 02:00:00,19.86,26.022827
2018-04-04 03:00:00,27.07,28.314579
2018-04-04 04:00:00,36.02,32.6456
2018-04-04 05:00:00,40.44,37.01898
2018-04-04 06:00:00,45.48,43.300537
2018-04-04 07:00:00,45.62,42.84578
2018-04-04 08:00:00,44.43,41.093548
2018-04-04 09:00:00,41.02,40.35448
2018-04-04 10:00:00,40.12,38.52203
2018-04-04 11:00:00,40.23,39.95168
2018-04-04 12:00:00,37.74,37.753517
2018-04-04 13:00:00,37.09,35.634
2018-04-04 14:00:00,36.87,36.20792
2018-04-04 15:00:00,37.14,35.166775
2018-04-04 16:00:00,40.55,37.054157
2018-04-04 17:00:00,47.73,39.93528
2018-04-04 18:00:00,53.4,45.437325
2018-04-04 19:00:00,58.55,49.841923
2018-04-04 20:00:00,53.19,47.475464
2018-04-04 21:00:00,52.49,43.314075
2018-04-04 22:00:00,54.51,42.5896
2018-04-04 23:00:00,53.94,38.173954
2018-04-05 00:00:00,52.85,38.10446
2018-04-05 01:00:00,52.78,38.95784
2018-04-05 02:00:00,52.91,40.046272
2018-04-05 03:00:00,53.75,41.917698
2018-04-05 04:00:00,52.39,46.475094
2018-04-05 05:00:00,54.24,50.165047
2018-04-05 06:00:00,64.25,54.937283
2018-04-05 07:00:00,64.66,56.062763
2018-04-05 08:00:00,62.44,55.592144
2018-04-05 09:00:00,59.54,54.000088
2018-04-05 10:00:00,54.62,54.518463
2018-04-05 11:00:00,55.29,54.19919
2018-04-05 12:00:00,54.27,53.658394
2018-04-05 13:00:00,51.76,52.237614
2018-04-05 14:00:00,51.54,52.155006
2018-04-05 15:00:00,50.03,54.91511
2018-04-05 16:00:00,51.34,56.929935
2018-04-05 17:00:00,55.98,59.72152
2018-04-05 18:00:00,59.05,61.620766
2018-04-05 19:00:00,58.33,62.910122
2018-04-05 20:00:00,53.53,61.19337
2018-04-05 21:00:00,53.2,58.50622
2018-04-05 22:00:00,44.56,56.925983
2018-04-05 23:00:00,37.35,54.048668
2018-04-06 00:00:00,35.99,50.44716
2018-04-06 01:00:00,35.31,49.587177
2018-04-06 02:00:00,35.8,46.991093
2018-04-06 03:00:00,38.86,47.49038
2018-04-06 04:00:00,49.25,49.67751
2018-04-06 05:00:00,52.52,52.923126
2018-04-06 06:00:00,56.6,56.90882
2018-04-06 07:00:00,55.36,57.61958
2018-04-06 08:00:00,52.16,57.56787
2018-04-06 09:00:00,51.56,55.56288
2018-04-06 10:00:00,49.42,55.499172
2018-04-06 11:00:00,44.37,54.14476
2018-04-06 12:00:00,41.0,53.09308
2018-04-06 13:00:00,37.21,51.275963
2018-04-06 14:00:00,37.26,51.208477
2018-04-06 15:00:00,40.08,49.67887
2018-04-06 16:00:00,46.6,50.612633
2018-04-06 17:00:00,49.77,52.012104
2018-04-06 18:00:00,53.26,54.84127
2018-04-06 19:00:00,53.77,55.94964
2018-04-06 20:00:00,49.96,52.969723
2018-04-06 21:00:00,49.1,51.257866
2018-04-06 22:00:00,49.27,47.96366
2018-04-06 23:00:00,43.87,44.61188
2018-04-07 00:00:00,41.8,41.547985
2018-04-07 01:00:00,39.32,42.07051
2018-04-07 02:00:00,39.62,41.30759
2018-04-07 03:00:00,39.61,39.76864
2018-04-07 04:00:00,41.05,41.10341
2018-04-07 05:00:00,42.17,42.383026
2018-04-07 06:00:00,42.72,43.82181
2018-04-07 07:00:00,48.51,44.234703
2018-04-07 08:00:00,52.53,44.397224
2018-04-07 09:00:00,54.95,46.35824
2018-04-07 10:00:00,54.02,48.332485
2018-04-07 11:00:00,52.82,48.444416
2018-04-07 12:00:00,52.89,47.91649
2018-04-07 13:00:00,48.94,45.274387
2018-04-07 14:00:00,45.62,43.429916
2018-04-07 15:00:00,44.48,43.320747
2018-04-07 16:00:00,48.72,47.40566
2018-04-07 17:00:00,50.37,52.207726
2018-04-07 18:00:00,56.81,55.864147
2018-04-07 19:00:00,61.8,56.47431
2018-04-07 20:00:00,58.26,56.228874
2018-04-07 21:00:00,56.8,52.41577
2018-04-07 22:00:00,52.12,48.98842
2018-04-07 23:00:00,47.52,48.589363
2018-04-08 00:00:00,40.65,44.645416
2018-04-08 01:00:00,40.8,44.764954
2018-04-08 02:00:00,40.62,42.719624
2018-04-08 03:00:00,39.35,41.229347
2018-04-08 04:00:00,39.63,42.921192
2018-04-08 05:00:00,39.46,43.182465
2018-04-08 06:00:00,41.85,44.840538
2018-04-08 07:00:00,41.46,47.597347
2018-04-08 08:00:00,41.25,47.12625
2018-04-08 09:00:00,40.43,48.165466
2018-04-08 10:00:00,40.4,47.24841
2018-04-08 11:00:00,40.67,46.705994
2018-04-08 12:00:00,40.53,45.548237
2018-04-08 13:00:00,35.83,43.554283
2018-04-08 14:00:00,32.88,42.174084
2018-04-08 15:00:00,33.67,41.432102
2018-04-08 16:00:00,37.26,40.998455
2018-04-08 17:00:00,45.37,45.31902
2018-04-08 18:00:00,48.42,48.86572
2018-04-08 19:00:00,56.01,50.681282
2018-04-08 20:00:00,56.22,50.711414
2018-04-08 21:00:00,51.6,46.87896
2018-04-08 22:00:00,50.79,49.001984
2018-04-08 23:00:00,48.79,45.914036
2018-04-09 00:00:00,47.42,39.816452
2018-04-09 01:00:00,47.21,40.91715
2018-04-09 02:00:00,47.13,39.678375
2018-04-09 03:00:00,50.09,40.889294
2018-04-09 04:00:00,56.55,46.51015
2018-04-09 05:00:00,62.35,50.867413
2018-04-09 06:00:00,69.41,57.813667
2018-04-09 07:00:00,66.95,58.271713
2018-04-09 08:00:00,65.79,58.870796
2018-04-09 09:00:00,62.6,60.59767
2018-04-09 10:00:00,61.89,59.976288
2018-04-09 11:00:00,61.12,61.868
2018-04-09 12:00:00,58.5,61.90004
2018-04-09 13:00:00,56.54,60.24863
2018-04-09 14:00:00,54.64,58.86073
2018-04-09 15:00:00,54.23,58.786793
2018-04-09 16:00:00,54.37,60.74225
2018-04-09 17:00:00,57.07,65.02861
2018-04-09 18:00:00,60.18,67.785355
2018-04-09 19:00:00,62.74,68.803535
2018-04-09 20:00:00,58.85,63.82262
2018-04-09 21:00:00,53.22,56.973343
2018-04-09 22:00:00,45.37,53.63692
2018-04-09 23:00:00,41.38,47.034508
2018-04-10 00:00:00,35.29,47.636806
2018-04-10 01:00:00,34.52,45.158894
2018-04-10 02:00:00,35.61,45.369938
2018-04-10 03:00:00,39.78,43.32809
2018-04-10 04:00:00,47.99,47.838627
2018-04-10 05:00:00,51.44,52.427284
2018-04-10 06:00:00,60.14,58.604057
2018-04-10 07:00:00,62.41,59.529213
2018-04-10 08:00:00,59.56,58.979855
2018-04-10 09:00:00,59.66,58.210495
2018-04-10 10:00:00,57.27,56.99489
2018-04-10 11:00:00,57.66,56.790604
2018-04-10 12:00:00,57.63,54.859276
2018-04-10 13:00:00,56.82,53.539906
2018-04-10 14:00:00,56.44,53.701977
2018-04-10 15:00:00,56.49,54.471848
2018-04-10 16:00:00,56.04,55.838245
2018-04-10 17:00:00,56.94,58.31712
2018-04-10 18:00:00,64.21,61.82664
2018-04-10 19:00:00,68.87,60.68777
2018-04-10 20:00:00,64.3,58.95234
2018-04-10 21:00:00,58.41,54.868793
2018-04-10 22:00:00,45.27,53.159016
2018-04-10 23:00:00,42.12,48.156487
2018-04-11 00:00:00,40.74,46.06569
2018-04-11 01:00:00,38.83,43.811615
2018-04-11 02:00:00,34.89,40.702522
2018-04-11 03:00:00,36.43,41.1595
2018-04-11 04:00:00,42.7,42.490112
2018-04-11 05:00:00,48.37,42.2546
2018-04-11 06:00:00,56.08,50.387737
2018-04-11 07:00:00,60.18,55.729702
2018-04-11 08:00:00,60.6,56.30301
2018-04-11 09:00:00,58.9,56.688705
2018-04-11 10:00:00,57.12,56.525536
2018-04-11 11:00:00,52.65,56.141533
2018-04-11 12:00:00,50.33,54.30326
2018-04-11 13:00:00,46.27,50.744648
2018-04-11 14:00:00,46.24,50.072823
2018-04-11 15:00:00,43.88,51.000668
2018-04-11 16:00:00,43.32,53.116554
2018-04-11 17:00:00,49.53,54.455986
2018-04-11 18:00:00,51.76,56.942936
2018-04-11 19:00:00,56.1,55.089504
2018-04-11 20:00:00,50.95,54.290585
2018-04-11 21:00:00,49.87,47.69234
2018-04-11 22:00:00,42.14,46.41758
2018-04-11 23:00:00,39.0,42.851345
2018-04-12 00:00:00,37.87,38.28897
2018-04-12 01:00:00,37.22,38.089745
2018-04-12 02:00:00,36.49,35.442085
2018-04-12 03:00:00,38.85,36.917908
2018-04-12 04:00:00,48.22,43.162754
2018-04-12 05:00:00,54.65,44.764652
2018-04-12 06:00:00,61.44,58.69631
2018-04-12 07:00:00,64.79,59.01654
2018-04-12 08:00:00,64.62,56.929977
2018-04-12 09:00:00,64.18,54.690937
2018-04-12 10:00:00,61.94,54.690937
2018-04-12 11:00:00,60.47,54.15819
2018-04-12 12:00:00,58.25,53.135616
2018-04-12 13:00:00,55.61,52.87999
2018-04-12 14:00:00,55.42,52.519836
2018-04-12 15:00:00,56.62,52.33088
2018-04-12 16:00:00,58.18,54.532505
2018-04-12 17:00:00,61.7,57.181126
2018-04-12 18:00:00,68.17,60.2751
2018-04-12 19:00:00,83.0,61.743465
2018-04-12 20:00:00,65.72,61.663452
2018-04-12 21:00:00,60.25,58.193798
2018-04-12 22:00:00,64.34,52.89975
2018-04-12 23:00:00,61.3,51.352905
2018-04-13 00:00:00,57.32,50.198586
2018-04-13 01:00:00,56.44,47.57979
2018-04-13 02:00:00,55.75,48.01136
2018-04-13 03:00:00,57.44,50.21307
2018-04-13 04:00:00,63.16,55.506523
2018-04-13 05:00:00,64.17,62.24019
2018-04-13 06:00:00,72.26,65.586815
2018-04-13 07:00:00,72.59,66.9579
2018-04-13 08:00:00,70.01,68.11828
2018-04-13 09:00:00,70.33,67.908226
2018-04-13 10:00:00,70.25,66.96441
2018-04-13 11:00:00,70.54,66.611946
2018-04-13 12:00:00,66.99,66.23702
2018-04-13 13:00:00,65.47,64.699585
2018-04-13 14:00:00,65.21,64.41226
2018-04-13 15:00:00,62.95,64.89013
2018-04-13 16:00:00,61.06,65.79554
2018-04-13 17:00:00,64.6,71.6787
2018-04-13 18:00:00,70.33,72.62894
2018-04-13 19:00:00,76.98,74.21386
2018-04-13 20:00:00,69.81,69.64698
2018-04-13 21:00:00,66.52,65.64964
2018-04-13 22:00:00,61.76,64.28897
2018-04-13 23:00:00,59.14,61.498024
2018-04-14 00:00:00,57.85,58.561134
2018-04-14 01:00:00,57.89,58.721817
2018-04-14 02:00:00,56.81,56.872684
2018-04-14 03:00:00,56.26,56.820545
2018-04-14 04:00:00,56.85,55.834774
2018-04-14 05:00:00,56.17,56.065212
2018-04-14 06:00:00,54.74,61.23689
2018-04-14 07:00:00,60.13,62.613766
2018-04-14 08:00:00,61.4,63.29323
2018-04-14 09:00:00,61.24,63.18044
2018-04-14 10:00:00,59.35,61.61357
2018-04-14 11:00:00,58.73,60.36347
2018-04-14 12:00:00,57.53,60.04415
2018-04-14 13:00:00,50.42,57.035275
2018-04-14 14:00:00,48.51,54.478165
2018-04-14 15:00:00,45.74,55.391697
2018-04-14 16:00:00,49.98,55.794273
2018-04-14 17:00:00,51.83,56.9612
2018-04-14 18:00:00,59.14,60.662815
2018-04-14 19:00:00,63.3,61.611515
2018-04-14 20:00:00,59.52,61.110867
2018-04-14 21:00:00,55.09,56.516743
2018-04-14 22:00:00,47.06,55.139942
2018-04-14 23:00:00,45.56,52.666153
2018-04-15 00:00:00,41.58,46.98873
2018-04-15 01:00:00,41.59,46.457424
2018-04-15 02:00:00,41.44,48.552994
2018-04-15 03:00:00,40.25,44.811882
2018-04-15 04:00:00,41.67,45.646942
2018-04-15 05:00:00,42.15,43.106495
2018-04-15 06:00:00,45.13,45.47753
2018-04-15 07:00:00,44.06,49.618374
2018-04-15 08:00:00,46.0,50.822773
2018-04-15 09:00:00,47.24,48.8785
2018-04-15 10:00:00,46.89,49.109592
2018-04-15 11:00:00,46.18,48.089176
2018-04-15 12:00:00,44.19,47.162254
2018-04-15 13:00:00,43.1,44.09339
2018-04-15 14:00:00,39.54,43.602257
2018-04-15 15:00:00,40.55,43.525795
2018-04-15 16:00:00,40.06,44.610172
2018-04-15 17:00:00,43.98,49.138996
2018-04-15 18:00:00,52.44,52.479572
2018-04-15 19:00:00,67.41,53.892822
2018-04-15 20:00:00,65.63,53.84225
2018-04-15 21:00:00,57.69,54.335373
2018-04-15 22:00:00,53.22,48.68309
2018-04-15 23:00:00,45.08,45.349663
2018-04-16 00:00:00,43.28,41.876694
2018-04-16 01:00:00,42.97,40.835308
2018-04-16 02:00:00,44.23,40.36096
2018-04-16 03:00:00,46.77,41.006256
2018-04-16 04:00:00,55.08,44.29793
2018-04-16 05:00:00,61.51,53.15818
2018-04-16 06:00:00,64.78,57.975468
2018-04-16 07:00:00,65.11,60.84631
2018-04-16 08:00:00,64.13,59.798134
2018-04-16 09:00:00,60.5,61.077732
2018-04-16 10:00:00,59.45,62.177597
2018-04-16 11:00:00,57.85,61.505436
2018-04-16 12:00:00,54.2,59.5211
2018-04-16 13:00:00,52.92,56.988594
2018-04-16 14:00:00,51.08,56.64742
2018-04-16 15:00:00,52.56,56.84062
2018-04-16 16:00:00,55.09,57.50419
2018-04-16 17:00:00,58.99,61.493973
2018-04-16 18:00:00,64.03,63.878246
2018-04-16 19:00:00,68.9,66.398346
2018-04-16 20:00:00,63.73,65.52567
2018-04-16 21:00:00,60.42,59.52358
2018-04-16 22:00:00,51.22,54.896477
2018-04-16 23:00:00,50.74,53.80474
2018-04-17 00:00:00,49.39,51.676582
2018-04-17 01:00:00,48.64,50.766537
2018-04-17 02:00:00,48.34,51.932526
2018-04-17 03:00:00,50.88,51.987488
2018-04-17 04:00:00,55.11,54.91932
2018-04-17 05:00:00,61.67,60.206024
2018-04-17 06:00:00,64.08,63.075756
2018-04-17 07:00:00,63.02,63.770107
2018-04-17 08:00:00,62.64,63.19107
2018-04-17 09:00:00,61.78,61.539516
2018-04-17 10:00:00,60.91,61.44286
2018-04-17 11:00:00,61.08,61.189766
2018-04-17 12:00:00,59.2,59.998795
2018-04-17 13:00:00,58.19,59.19098
2018-04-17 14:00:00,57.7,58.48259
2018-04-17 15:00:00,58.91,58.94239
2018-04-17 16:00:00,58.83,60.071156
2018-04-17 17:00:00,64.58,63.3312
2018-04-17 18:00:00,69.81,63.600815
2018-04-17 19:00:00,76.39,65.21581
2018-04-17 20:00:00,68.32,65.792854
2018-04-17 21:00:00,61.29,61.64572
2018-04-17 22:00:00,60.2,60.280598
2018-04-17 23:00:00,60.17,57.708263
2018-04-18 00:00:00,59.04,54.12104
2018-04-18 01:00:00,57.37,54.30811
2018-04-18 02:00:00,55.42,53.70032
2018-04-18 03:00:00,56.33,54.07708
2018-04-18 04:00:00,59.51,56.076347
2018-04-18 05:00:00,61.14,61.877537
2018-04-18 06:00:00,63.05,64.88971
2018-04-18 07:00:00,62.12,65.4956
2018-04-18 08:00:00,61.63,65.32032
2018-04-18 09:00:00,59.68,64.32091
2018-04-18 10:00:00,58.64,63.431927
2018-04-18 11:00:00,57.74,61.925117
2018-04-18 12:00:00,54.71,60.350933
2018-04-18 13:00:00,54.97,59.47727
2018-04-18 14:00:00,54.82,58.51236
2018-04-18 15:00:00,54.68,58.913013
2018-04-18 16:00:00,54.55,61.43474
2018-04-18 17:00:00,56.67,64.70016
2018-04-18 18:00:00,62.06,64.33475
2018-04-18 19:00:00,62.86,65.07687
2018-04-18 20:00:00,60.81,64.07107
2018-04-18 21:00:00,57.64,58.87297
2018-04-18 22:00:00,53.52,56.185837
2018-04-18 23:00:00,52.85,53.870033
2018-04-19 00:00:00,52.62,53.15754
2018-04-19 01:00:00,52.03,52.284912
2018-04-19 02:00:00,51.22,51.536644
2018-04-19 03:00:00,52.59,51.386208
2018-04-19 04:00:00,53.07,53.74722
2018-04-19 05:00:00,58.22,57.229023
2018-04-19 06:00:00,58.45,60.98879
2018-04-19 07:00:00,58.51,61.698505
2018-04-19 08:00:00,55.26,60.780037
2018-04-19 09:00:00,53.44,60.522533
2018-04-19 10:00:00,53.41,59.791702
2018-04-19 11:00:00,53.4,59.736893
2018-04-19 12:00:00,52.23,55.4892
2018-04-19 13:00:00,51.0,52.63669
2018-04-19 14:00:00,49.08,52.679707
2018-04-19 15:00:00,49.23,52.392147
2018-04-19 16:00:00,50.92,53.18574
2018-04-19 17:00:00,58.15,53.88864
2018-04-19 18:00:00,58.71,56.579494
2018-04-19 19:00:00,60.72,58.020004
2018-04-19 20:00:00,54.66,56.862213
2018-04-19 21:00:00,51.95,54.53971
2018-04-19 22:00:00,43.03,49.65999
2018-04-19 23:00:00,43.08,46.468037
2018-04-20 00:00:00,42.26,44.43972
2018-04-20 01:00:00,42.02,44.878906
2018-04-20 02:00:00,42.62,44.03104
2018-04-20 03:00:00,42.78,43.543465
2018-04-20 04:00:00,48.79,46.796787
2018-04-20 05:00:00,52.99,51.922543
2018-04-20 06:00:00,57.75,55.609573
2018-04-20 07:00:00,57.02,56.781338
2018-04-20 08:00:00,52.13,55.757343
2018-04-20 09:00:00,50.07,55.16622
2018-04-20 10:00:00,48.7,54.21841
2018-04-20 11:00:00,46.46,53.121227
2018-04-20 12:00:00,43.99,50.976997
2018-04-20 13:00:00,42.57,48.581127
2018-04-20 14:00:00,41.2,48.699165
2018-04-20 15:00:00,43.79,48.447384
2018-04-20 16:00:00,46.84,48.57985
2018-04-20 17:00:00,49.24,49.82511
2018-04-20 18:00:00,52.8,50.350983
2018-04-20 19:00:00,53.98,51.63167
2018-04-20 20:00:00,51.62,51.55343
2018-04-20 21:00:00,48.76,49.113823
2018-04-20 22:00:00,48.71,46.798283
2018-04-20 23:00:00,47.63,45.46803
2018-04-21 00:00:00,43.07,43.072216
2018-04-21 01:00:00,42.8,41.664536
2018-04-21 02:00:00,43.05,42.58985
2018-04-21 03:00:00,42.65,42.267105
2018-04-21 04:00:00,41.93,42.136585
2018-04-21 05:00:00,40.57,42.89914
2018-04-21 06:00:00,43.3,43.22461
2018-04-21 07:00:00,42.92,46.272034
2018-04-21 08:00:00,46.8,47.003857
2018-04-21 09:00:00,47.95,45.830402
2018-04-21 10:00:00,46.59,45.74909
2018-04-21 11:00:00,47.2,45.68115
2018-04-21 12:00:00,45.32,45.47383
2018-04-21 13:00:00,42.19,44.368214
2018-04-21 14:00:00,42.37,44.499554
2018-04-21 15:00:00,42.72,44.69172
2018-04-21 16:00:00,43.06,45.434914
2018-04-21 17:00:00,47.99,47.227707
2018-04-21 18:00:00,51.01,49.605137
2018-04-21 19:00:00,54.76,49.179752
2018-04-21 20:00:00,52.45,49.08485
2018-04-21 21:00:00,50.68,45.95029
2018-04-21 22:00:00,51.78,43.80066
2018-04-21 23:00:00,49.64,41.463573
2018-04-22 00:00:00,49.54,41.932255
2018-04-22 01:00:00,48.76,42.50966
2018-04-22 02:00:00,47.39,40.01981
2018-04-22 03:00:00,48.68,40.986702
2018-04-22 04:00:00,48.96,41.280155
2018-04-22 05:00:00,48.91,42.627487
2018-04-22 06:00:00,50.68,44.570908
2018-04-22 07:00:00,50.18,46.234386
2018-04-22 08:00:00,50.24,47.72145
2018-04-22 09:00:00,50.06,47.977634
2018-04-22 10:00:00,48.61,47.96478
2018-04-22 11:00:00,46.91,47.491768
2018-04-22 12:00:00,48.6,47.412052
2018-04-22 13:00:00,42.91,46.73408
2018-04-22 14:00:00,42.58,46.180405
2018-04-22 15:00:00,41.89,46.026867
2018-04-22 16:00:00,42.98,47.402122
2018-04-22 17:00:00,45.37,50.431976
2018-04-22 18:00:00,50.42,52.942657
2018-04-22 19:00:00,59.77,56.552288
2018-04-22 20:00:00,56.55,56.769802
2018-04-22 21:00:00,51.5,55.170708
2018-04-22 22:00:00,58.76,53.5971
2018-04-22 23:00:00,56.6,51.58635
2018-04-23 00:00:00,53.1,48.595947
2018-04-23 01:00:00,52.92,48.11857
2018-04-23 02:00:00,53.59,48.33959
2018-04-23 03:00:00,53.73,48.494926
2018-04-23 04:00:00,58.66,53.29963
2018-04-23 05:00:00,59.13,57.67101
2018-04-23 06:00:00,62.6,60.83258
2018-04-23 07:00:00,62.29,62.235527
2018-04-23 08:00:00,61.87,62.322495
2018-04-23 09:00:00,62.4,61.382828
2018-04-23 10:00:00,62.18,61.202965
2018-04-23 11:00:00,61.34,60.566433
2018-04-23 12:00:00,58.09,59.594826
2018-04-23 13:00:00,56.82,57.97314
2018-04-23 14:00:00,56.12,57.900963
2018-04-23 15:00:00,54.36,59.603848
2018-04-23 16:00:00,52.5,60.630733
2018-04-23 17:00:00,56.71,62.03675
2018-04-23 18:00:00,60.38,62.294067
2018-04-23 19:00:00,63.6,65.47662
2018-04-23 20:00:00,59.09,65.76841
2018-04-23 21:00:00,56.71,61.6787
2018-04-23 22:00:00,51.46,60.7218
2018-04-23 23:00:00,50.11,58.956738
2018-04-24 00:00:00,48.42,52.56102
2018-04-24 01:00:00,49.21,52.07344
2018-04-24 02:00:00,48.8,51.291725
2018-04-24 03:00:00,50.21,53.258896
2018-04-24 04:00:00,54.84,55.340275
2018-04-24 05:00:00,56.81,57.749252
2018-04-24 06:00:00,60.01,61.094242
2018-04-24 07:00:00,61.02,61.687935
2018-04-24 08:00:00,59.13,61.23176
2018-04-24 09:00:00,58.49,61.1178
2018-04-24 10:00:00,58.55,60.615112
2018-04-24 11:00:00,57.12,60.129093
2018-04-24 12:00:00,56.39,59.32002
2018-04-24 13:00:00,53.9,57.702503
2018-04-24 14:00:00,52.48,56.554817
2018-04-24 15:00:00,53.73,56.4302
2018-04-24 16:00:00,53.44,56.35378
2018-04-24 17:00:00,55.37,57.956974
2018-04-24 18:00:00,61.18,58.714485
2018-04-24 19:00:00,63.71,60.72864
2018-04-24 20:00:00,60.06,61.465206
2018-04-24 21:00:00,57.52,58.138645
2018-04-24 22:00:00,51.39,56.567215
2018-04-24 23:00:00,48.7,56.091003
2018-04-25 00:00:00,52.09,53.489372
2018-04-25 01:00:00,52.16,53.70735
2018-04-25 02:00:00,51.14,53.598686
2018-04-25 03:00:00,50.27,54.26684
2018-04-25 04:00:00,54.15,56.284588
2018-04-25 05:00:00,58.2,58.64118
2018-04-25 06:00:00,60.24,61.5413
2018-04-25 07:00:00,60.5,62.088196
2018-04-25 08:00:00,60.09,62.1095
2018-04-25 09:00:00,60.79,61.48406
2018-04-25 10:00:00,59.17,61.862114
2018-04-25 11:00:00,59.4,60.788357
2018-04-25 12:00:00,55.72,59.862446
2018-04-25 13:00:00,49.69,57.622482
2018-04-25 14:00:00,49.65,56.38261
2018-04-25 15:00:00,48.82,55.03097
2018-04-25 16:00:00,47.44,55.37009
2018-04-25 17:00:00,48.19,57.08651
2018-04-25 18:00:00,49.93,59.698956
2018-04-25 19:00:00,55.7,59.96299
2018-04-25 20:00:00,50.58,58.65775
2018-04-25 21:00:00,46.83,54.60863
2018-04-25 22:00:00,43.33,50.99033
2018-04-25 23:00:00,42.46,48.1236
2018-04-26 00:00:00,41.41,44.149307
2018-04-26 01:00:00,42.1,45.41618
2018-04-26 02:00:00,42.11,45.275066
2018-04-26 03:00:00,42.75,44.18119
2018-04-26 04:00:00,44.96,49.30381
2018-04-26 05:00:00,51.33,51.906364
2018-04-26 06:00:00,53.79,55.893906
2018-04-26 07:00:00,56.95,56.182945
2018-04-26 08:00:00,56.9,54.74653
2018-04-26 09:00:00,56.92,54.798477
2018-04-26 10:00:00,58.65,54.644676
2018-04-26 11:00:00,59.9,54.731567
2018-04-26 12:00:00,56.97,54.051155
2018-04-26 13:00:00,57.53,52.33622
2018-04-26 14:00:00,57.53,52.855774
2018-04-26 15:00:00,57.69,52.91118
2018-04-26 16:00:00,56.72,52.67604
2018-04-26 17:00:00,61.67,55.25252
2018-04-26 18:00:00,65.33,56.473904
2018-04-26 19:00:00,67.36,58.562744
2018-04-26 20:00:00,62.87,58.47973
2018-04-26 21:00:00,57.98,56.137302
2018-04-26 22:00:00,59.12,55.743736
2018-04-26 23:00:00,57.13,55.07329
2018-04-27 00:00:00,54.71,49.962082
2018-04-27 01:00:00,52.41,50.947887
2018-04-27 02:00:00,52.3,50.964474
2018-04-27 03:00:00,52.86,52.3541
2018-04-27 04:00:00,57.41,53.198856
2018-04-27 05:00:00,58.83,58.9518
2018-04-27 06:00:00,61.72,60.732994
2018-04-27 07:00:00,61.58,62.80691
2018-04-27 08:00:00,61.41,61.857555
2018-04-27 09:00:00,60.65,61.51791
2018-04-27 10:00:00,60.42,61.87968
2018-04-27 11:00:00,59.97,61.442043
2018-04-27 12:00:00,57.3,60.96882
2018-04-27 13:00:00,55.94,57.83938
2018-04-27 14:00:00,53.7,55.151165
2018-04-27 15:00:00,51.71,56.647503
2018-04-27 16:00:00,48.7,57.123466
2018-04-27 17:00:00,52.35,60.93695
2018-04-27 18:00:00,57.89,63.650925
2018-04-27 19:00:00,60.88,64.08182
2018-04-27 20:00:00,57.86,62.097893
2018-04-27 21:00:00,52.47,58.210617
2018-04-27 22:00:00,49.67,58.087963
2018-04-27 23:00:00,45.54,53.678486
2018-04-28 00:00:00,45.98,48.18794
2018-04-28 01:00:00,49.92,50.49174
2018-04-28 02:00:00,51.92,49.923893
2018-04-28 03:00:00,52.04,50.845947
2018-04-28 04:00:00,53.86,51.41118
2018-04-28 05:00:00,54.03,51.675434
2018-04-28 06:00:00,52.8,55.824158
2018-04-28 07:00:00,54.67,56.116676
2018-04-28 08:00:00,54.69,56.371716
2018-04-28 09:00:00,54.23,56.234386
2018-04-28 10:00:00,54.5,54.940727
2018-04-28 11:00:00,53.84,54.295822
2018-04-28 12:00:00,49.86,53.24289
2018-04-28 13:00:00,40.88,49.85822
2018-04-28 14:00:00,40.48,46.78649
2018-04-28 15:00:00,39.41,46.31051
2018-04-28 16:00:00,40.64,47.880215
2018-04-28 17:00:00,42.64,48.93062
2018-04-28 18:00:00,52.14,54.92902
2018-04-28 19:00:00,56.24,59.182915
2018-04-28 20:00:00,55.59,56.932365
2018-04-28 21:00:00,54.57,53.1787
2018-04-28 22:00:00,54.06,50.838287
2018-04-28 23:00:00,46.17,49.564457
2018-04-29 00:00:00,42.43,46.003555
2018-04-29 01:00:00,44.41,44.07269
2018-04-29 02:00:00,44.8,41.984005
2018-04-29 03:00:00,44.87,35.775753
2018-04-29 04:00:00,43.64,38.35407
2018-04-29 05:00:00,40.39,40.361336
2018-04-29 06:00:00,38.24,43.27757
2018-04-29 07:00:00,42.09,46.430077
2018-04-29 08:00:00,39.74,45.710922
2018-04-29 09:00:00,37.41,45.585793
2018-04-29 10:00:00,30.77,42.561535
2018-04-29 11:00:00,22.91,40.47579
2018-04-29 12:00:00,18.15,38.432846
2018-04-29 13:00:00,14.61,37.72053
2018-04-29 14:00:00,15.05,34.86274
2018-04-29 15:00:00,18.64,31.798685
2018-04-29 16:00:00,17.93,29.26261
2018-04-29 17:00:00,23.68,32.45188
2018-04-29 18:00:00,43.24,38.848423
2018-04-29 19:00:00,51.02,42.381435
2018-04-29 20:00:00,52.01,42.577484
2018-04-29 21:00:00,47.35,36.026554
2018-04-29 22:00:00,43.15,36.669983
2018-04-29 23:00:00,38.12,31.846457
2018-04-30 00:00:00,31.31,31.91185
2018-04-30 01:00:00,31.52,33.08433
2018-04-30 02:00:00,39.0,31.157932
2018-04-30 03:00:00,42.92,31.61151
2018-04-30 04:00:00,43.77,38.506084
2018-04-30 05:00:00,50.97,40.521675
2018-04-30 06:00:00,54.35,43.974277
2018-04-30 07:00:00,54.68,45.929337
2018-04-30 08:00:00,54.36,46.239105
2018-04-30 09:00:00,55.77,45.72633
2018-04-30 10:00:00,55.46,46.8901
2018-04-30 11:00:00,55.66,47.15502
2018-04-30 12:00:00,55.67,49.58809
2018-04-30 13:00:00,54.01,49.615585
2018-04-30 14:00:00,52.64,50.026848
2018-04-30 15:00:00,52.11,51.171535
2018-04-30 16:00:00,50.99,53.652412
2018-04-30 17:00:00,52.09,55.97506
2018-04-30 18:00:00,54.23,59.203045
2018-04-30 19:00:00,56.71,59.427433
2018-04-30 20:00:00,55.61,58.4863
2018-04-30 21:00:00,53.79,53.508495
2018-04-30 22:00:00,53.63,45.98978
2018-04-30 23:00:00,45.22,44.76459
2018-05-01 00:00:00,43.83,42.993305
2018-05-01 01:00:00,43.27,42.70678
2018-05-01 02:00:00,43.48,43.0365
2018-05-01 03:00:00,45.43,43.96576
2018-05-01 04:00:00,45.66,46.193874
2018-05-01 05:00:00,46.35,48.248955
2018-05-01 06:00:00,46.47,53.51029
2018-05-01 07:00:00,50.68,54.707485
2018-05-01 08:00:00,51.37,54.53859
2018-05-01 09:00:00,52.29,56.21521
2018-05-01 10:00:00,52.13,57.112625
2018-05-01 11:00:00,52.09,56.27332
2018-05-01 12:00:00,51.77,55.321117
2018-05-01 13:00:00,43.44,51.255524
2018-05-01 14:00:00,42.54,51.205242
2018-05-01 15:00:00,40.52,53.51746
2018-05-01 16:00:00,41.94,55.21037
2018-05-01 17:00:00,43.15,57.067753
2018-05-01 18:00:00,52.59,58.84087
2018-05-01 19:00:00,56.2,59.71338
2018-05-01 20:00:00,55.91,56.221016
2018-05-01 21:00:00,53.63,55.106327
2018-05-01 22:00:00,48.51,47.98324
2018-05-01 23:00:00,42.45,43.360344
2018-05-02 00:00:00,41.06,40.902393
2018-05-02 01:00:00,41.09,40.753433
2018-05-02 02:00:00,40.23,39.853653
2018-05-02 03:00:00,41.81,39.97395
2018-05-02 04:00:00,51.33,43.491425
2018-05-02 05:00:00,53.71,50.594433
2018-05-02 06:00:00,58.0,57.62069
2018-05-02 07:00:00,58.98,58.113144
2018-05-02 08:00:00,57.43,56.595398
2018-05-02 09:00:00,56.58,56.197525
2018-05-02 10:00:00,56.85,54.42293
2018-05-02 11:00:00,56.91,54.651157
2018-05-02 12:00:00,56.44,53.67078
2018-05-02 13:00:00,55.38,52.124012
2018-05-02 14:00:00,54.5,52.014095
2018-05-02 15:00:00,52.48,52.616684
2018-05-02 16:00:00,53.35,52.91496
2018-05-02 17:00:00,54.31,55.808697
2018-05-02 18:00:00,55.17,58.303616
2018-05-02 19:00:00,57.12,60.014687
2018-05-02 20:00:00,55.91,60.713562
2018-05-02 21:00:00,53.29,56.44701
2018-05-02 22:00:00,50.91,49.172142
2018-05-02 23:00:00,44.5,48.093292
2018-05-03 00:00:00,42.65,45.678307
2018-05-03 01:00:00,41.74,44.74832
2018-05-03 02:00:00,41.79,43.466625
2018-05-03 03:00:00,42.5,43.059467
2018-05-03 04:00:00,47.84,47.25844
2018-05-03 05:00:00,55.69,51.60828
2018-05-03 06:00:00,60.59,57.866856
2018-05-03 07:00:00,59.39,59.63111
2018-05-03 08:00:00,56.98,59.160706
2018-05-03 09:00:00,55.68,58.785446
2018-05-03 10:00:00,53.39,59.093864
2018-05-03 11:00:00,53.11,57.632717
2018-05-03 12:00:00,50.54,55.44325
2018-05-03 13:00:00,49.88,54.254047
2018-05-03 14:00:00,49.32,54.49221
2018-05-03 15:00:00,46.03,54.68822
2018-05-03 16:00:00,43.58,55.364223
2018-05-03 17:00:00,47.0,56.10517
2018-05-03 18:00:00,49.24,58.37357
2018-05-03 19:00:00,53.56,58.779606
2018-05-03 20:00:00,54.19,56.898964
2018-05-03 21:00:00,48.6,51.84762
2018-05-03 22:00:00,42.49,49.343155
2018-05-03 23:00:00,40.61,47.47206
2018-05-04 00:00:00,39.02,45.58203
2018-05-04 01:00:00,38.36,46.093185
2018-05-04 02:00:00,38.01,44.97835
2018-05-04 03:00:00,39.99,44.243168
2018-05-04 04:00:00,42.3,48.232876
2018-05-04 05:00:00,52.68,50.32977
2018-05-04 06:00:00,57.07,54.018505
2018-05-04 07:00:00,55.93,58.027313
2018-05-04 08:00:00,52.34,56.342506
2018-05-04 09:00:00,50.32,53.68379
2018-05-04 10:00:00,51.36,52.838306
2018-05-04 11:00:00,52.69,52.20338
2018-05-04 12:00:00,50.82,51.06282
2018-05-04 13:00:00,50.88,50.102467
2018-05-04 14:00:00,50.37,50.090137
2018-05-04 15:00:00,50.53,50.168034
2018-05-04 16:00:00,47.02,50.357296
2018-05-04 17:00:00,50.59,51.644848
2018-05-04 18:00:00,53.63,53.65057
2018-05-04 19:00:00,56.8,54.549072
2018-05-04 20:00:00,55.8,52.676167
2018-05-04 21:00:00,53.51,49.741917
2018-05-04 22:00:00,52.42,50.70957
2018-05-04 23:00:00,47.69,48.724262
2018-05-05 00:00:00,44.72,45.94229
2018-05-05 01:00:00,44.57,46.236103
2018-05-05 02:00:00,45.52,45.336094
2018-05-05 03:00:00,45.76,45.862713
2018-05-05 04:00:00,46.44,46.331993
2018-05-05 05:00:00,47.01,47.963055
2018-05-05 06:00:00,50.42,51.358
2018-05-05 07:00:00,52.23,52.480988
2018-05-05 08:00:00,53.69,50.83791
2018-05-05 09:00:00,55.37,52.654465
2018-05-05 10:00:00,55.55,52.214115
2018-05-05 11:00:00,56.14,52.010612
2018-05-05 12:00:00,55.64,52.12041
2018-05-05 13:00:00,52.66,51.877464
2018-05-05 14:00:00,51.35,51.29044
2018-05-05 15:00:00,52.84,51.44776
2018-05-05 16:00:00,53.12,52.070724
2018-05-05 17:00:00,52.56,55.009377
2018-05-05 18:00:00,55.14,56.42375
2018-05-05 19:00:00,57.48,58.593708
2018-05-05 20:00:00,56.44,58.176933
2018-05-05 21:00:00,55.14,54.818367
2018-05-05 22:00:00,55.5,54.583347
2018-05-05 23:00:00,54.71,53.559784
2018-05-06 00:00:00,51.35,49.124016
2018-05-06 01:00:00,50.65,50.259865
2018-05-06 02:00:00,50.78,49.985962
2018-05-06 03:00:00,52.5,49.41253
2018-05-06 04:00:00,54.24,49.758152
2018-05-06 05:00:00,53.28,50.80464
2018-05-06 06:00:00,53.89,53.43021
2018-05-06 07:00:00,57.04,53.020588
2018-05-06 08:00:00,55.83,52.90476
2018-05-06 09:00:00,57.03,53.61093
2018-05-06 10:00:00,57.17,53.029427
2018-05-06 11:00:00,58.26,54.03495
2018-05-06 12:00:00,58.45,53.920425
2018-05-06 13:00:00,56.83,52.210167
2018-05-06 14:00:00,54.96,52.363922
2018-05-06 15:00:00,54.55,52.697697
2018-05-06 16:00:00,56.32,53.9038
2018-05-06 17:00:00,54.96,57.74571
2018-05-06 18:00:00,57.01,60.904095
2018-05-06 19:00:00,60.24,62.754765
2018-05-06 20:00:00,59.9,63.62459
2018-05-06 21:00:00,58.13,60.903862
2018-05-06 22:00:00,61.76,58.25269
2018-05-06 23:00:00,61.75,56.560013
2018-05-07 00:00:00,61.13,53.38497
2018-05-07 01:00:00,61.81,52.92651
2018-05-07 02:00:00,61.98,53.396557
2018-05-07 03:00:00,61.94,54.003437
2018-05-07 04:00:00,61.68,57.308994
2018-05-07 05:00:00,62.73,63.247868
2018-05-07 06:00:00,65.01,67.04939
2018-05-07 07:00:00,65.32,66.79792
2018-05-07 08:00:00,65.89,67.51533
2018-05-07 09:00:00,66.3,67.531586
2018-05-07 10:00:00,66.72,68.395424
2018-05-07 11:00:00,66.05,67.635284
2018-05-07 12:00:00,64.24,66.53974
2018-05-07 13:00:00,62.95,64.96867
2018-05-07 14:00:00,63.19,64.846504
2018-05-07 15:00:00,63.1,65.59898
2018-05-07 16:00:00,63.0,66.84188
2018-05-07 17:00:00,64.68,68.36016
2018-05-07 18:00:00,66.75,68.41817
2018-05-07 19:00:00,67.96,69.59571
2018-05-07 20:00:00,67.39,68.274124
2018-05-07 21:00:00,63.82,64.9465
2018-05-07 22:00:00,63.9,63.56902
2018-05-07 23:00:00,63.33,57.866932
2018-05-08 00:00:00,62.61,55.990864
2018-05-08 01:00:00,62.76,55.28188
2018-05-08 02:00:00,62.68,54.878784
2018-05-08 03:00:00,62.81,55.03231
2018-05-08 04:00:00,63.49,56.47042
2018-05-08 05:00:00,64.11,58.90186
2018-05-08 06:00:00,67.99,60.944496
2018-05-08 07:00:00,67.64,64.33766
2018-05-08 08:00:00,66.78,65.69134
2018-05-08 09:00:00,67.13,67.44213
2018-05-08 10:00:00,66.96,69.945915
2018-05-08 11:00:00,65.9,70.20159
2018-05-08 12:00:00,65.79,68.7749
2018-05-08 13:00:00,64.3,66.867676
2018-05-08 14:00:00,63.23,66.56754
2018-05-08 15:00:00,62.73,66.1304
2018-05-08 16:00:00,60.32,66.59577
2018-05-08 17:00:00,60.75,68.85386
2018-05-08 18:00:00,63.93,69.96429
2018-05-08 19:00:00,66.38,71.196434
2018-05-08 20:00:00,65.96,70.65028
2018-05-08 21:00:00,62.48,66.705925
2018-05-08 22:00:00,61.91,62.77145
2018-05-08 23:00:00,61.54,58.686745
2018-05-09 00:00:00,58.53,55.490772
2018-05-09 01:00:00,58.23,55.14986
2018-05-09 02:00:00,58.46,54.647747
2018-05-09 03:00:00,59.44,53.901436
2018-05-09 04:00:00,62.72,59.691242
2018-05-09 05:00:00,64.05,63.218407
2018-05-09 06:00:00,64.98,67.17815
2018-05-09 07:00:00,65.88,69.0111
2018-05-09 08:00:00,65.7,68.48945
2018-05-09 09:00:00,65.43,68.723236
2018-05-09 10:00:00,66.12,68.6676
2018-05-09 11:00:00,65.5,68.46075
2018-05-09 12:00:00,64.79,66.70093
2018-05-09 13:00:00,63.91,63.011814
2018-05-09 14:00:00,63.33,61.947353
2018-05-09 15:00:00,62.22,62.173393
2018-05-09 16:00:00,60.28,64.80058
2018-05-09 17:00:00,60.4,66.23803
2018-05-09 18:00:00,64.07,67.60293
2018-05-09 19:00:00,65.87,70.629974
2018-05-09 20:00:00,64.37,68.63973
2018-05-09 21:00:00,57.91,64.49937
2018-05-09 22:00:00,51.99,57.85824
2018-05-09 23:00:00,49.34,55.78684
2018-05-10 00:00:00,46.87,52.981808
2018-05-10 01:00:00,46.36,53.053936
2018-05-10 02:00:00,46.37,52.529682
2018-05-10 03:00:00,46.96,51.683243
2018-05-10 04:00:00,51.85,54.828033
2018-05-10 05:00:00,55.53,60.238384
2018-05-10 06:00:00,62.63,61.826366
2018-05-10 07:00:00,63.63,62.14652
2018-05-10 08:00:00,63.36,62.13247
2018-05-10 09:00:00,63.69,60.263313
2018-05-10 10:00:00,64.39,60.09333
2018-05-10 11:00:00,64.76,59.806503
2018-05-10 12:00:00,65.71,58.42169
2018-05-10 13:00:00,64.74,56.23698
2018-05-10 14:00:00,65.08,55.973106
2018-05-10 15:00:00,65.21,56.506317
2018-05-10 16:00:00,63.62,59.475185
2018-05-10 17:00:00,62.86,64.04928
2018-05-10 18:00:00,67.63,66.10279
2018-05-10 19:00:00,69.91,65.687584
2018-05-10 20:00:00,69.22,63.572464
2018-05-10 21:00:00,65.77,58.81141
2018-05-10 22:00:00,67.3,52.67532
2018-05-10 23:00:00,66.81,50.2782
2018-05-11 00:00:00,65.16,49.05375
2018-05-11 01:00:00,63.64,48.857895
2018-05-11 02:00:00,63.13,49.289566
2018-05-11 03:00:00,62.89,48.765976
2018-05-11 04:00:00,64.55,56.997185
2018-05-11 05:00:00,65.04,63.9045
2018-05-11 06:00:00,67.56,68.24595
2018-05-11 07:00:00,67.29,69.34584
2018-05-11 08:00:00,66.24,69.96804
2018-05-11 09:00:00,65.63,69.99968
2018-05-11 10:00:00,65.46,69.83742
2018-05-11 11:00:00,64.64,69.6197
2018-05-11 12:00:00,64.37,66.93439
2018-05-11 13:00:00,63.3,63.959858
2018-05-11 14:00:00,63.01,63.06602
2018-05-11 15:00:00,62.92,64.22603
2018-05-11 16:00:00,62.82,67.010155
2018-05-11 17:00:00,62.94,70.22833
2018-05-11 18:00:00,66.39,68.37988
2018-05-11 19:00:00,67.86,68.543304
2018-05-11 20:00:00,65.79,66.84795
2018-05-11 21:00:00,63.78,59.364353
2018-05-11 22:00:00,65.87,62.619717
2018-05-11 23:00:00,65.12,59.861103
2018-05-12 00:00:00,64.32,58.002495
2018-05-12 01:00:00,64.28,57.502026
2018-05-12 02:00:00,61.96,57.2614
2018-05-12 03:00:00,60.12,56.388527
2018-05-12 04:00:00,59.32,58.31778
2018-05-12 05:00:00,59.93,61.478065
2018-05-12 06:00:00,60.98,66.295685
2018-05-12 07:00:00,59.28,64.96858
2018-05-12 08:00:00,56.31,65.06167
2018-05-12 09:00:00,52.4,65.85031
2018-05-12 10:00:00,49.18,64.91898
2018-05-12 11:00:00,45.25,64.419785
2018-05-12 12:00:00,44.01,61.499104
2018-05-12 13:00:00,38.22,58.45612
2018-05-12 14:00:00,35.25,56.265057
2018-05-12 15:00:00,33.72,56.69251
2018-05-12 16:00:00,35.4,54.74487
2018-05-12 17:00:00,38.97,59.58857
2018-05-12 18:00:00,43.96,61.248238
2018-05-12 19:00:00,46.6,59.939465
2018-05-12 20:00:00,46.38,56.480984
2018-05-12 21:00:00,44.38,53.39355
2018-05-12 22:00:00,44.2,47.85525
2018-05-12 23:00:00,43.66,46.35187
2018-05-13 00:00:00,43.25,41.192287
2018-05-13 01:00:00,41.89,40.629536
2018-05-13 02:00:00,42.83,35.600872
2018-05-13 03:00:00,43.58,38.198082
2018-05-13 04:00:00,43.09,39.111427
2018-05-13 05:00:00,41.96,37.37505
2018-05-13 06:00:00,44.12,41.79125
2018-05-13 07:00:00,45.29,40.774174
2018-05-13 08:00:00,42.53,39.600822
2018-05-13 09:00:00,43.11,40.2093
2018-05-13 10:00:00,43.05,39.398857
2018-05-13 11:00:00,43.03,40.504807
2018-05-13 12:00:00,43.67,40.73714
2018-05-13 13:00:00,32.61,36.126312
2018-05-13 14:00:00,25.36,36.18832
2018-05-13 15:00:00,25.45,34.046707
2018-05-13 16:00:00,30.86,35.76944
2018-05-13 17:00:00,42.34,38.4646
2018-05-13 18:00:00,45.85,42.039734
2018-05-13 19:00:00,61.19,50.93533
2018-05-13 20:00:00,62.12,52.659332
2018-05-13 21:00:00,60.93,49.03001
2018-05-13 22:00:00,63.05,47.24523
2018-05-13 23:00:00,59.04,44.382977
2018-05-14 00:00:00,55.35,43.571957
2018-05-14 01:00:00,54.27,43.9
2018-05-14 02:00:00,54.06,44.51071
2018-05-14 03:00:00,55.27,43.990196
2018-05-14 04:00:00,61.97,50.110886
2018-05-14 05:00:00,61.88,55.652065
2018-05-14 06:00:00,64.06,59.401287
2018-05-14 07:00:00,62.44,60.39272
2018-05-14 08:00:00,60.3,60.43628
2018-05-14 09:00:00,59.72,61.48051
2018-05-14 10:00:00,60.82,61.019733
2018-05-14 11:00:00,61.05,58.92522
2018-05-14 12:00:00,61.16,58.23842
2018-05-14 13:00:00,59.58,56.130363
2018-05-14 14:00:00,59.28,55.580822
2018-05-14 15:00:00,59.16,56.952187
2018-05-14 16:00:00,59.49,58.777714
2018-05-14 17:00:00,59.41,60.639526
2018-05-14 18:00:00,62.42,66.255905
2018-05-14 19:00:00,63.83,68.85059
2018-05-14 20:00:00,62.84,66.097275
2018-05-14 21:00:00,59.23,59.674007
2018-05-14 22:00:00,57.72,57.2472
2018-05-14 23:00:00,54.39,55.524208
2018-05-15 00:00:00,49.67,51.677837
2018-05-15 01:00:00,46.79,51.170998
2018-05-15 02:00:00,46.68,50.171066
2018-05-15 03:00:00,49.95,50.69567
2018-05-15 04:00:00,56.23,52.317772
2018-05-15 05:00:00,61.73,58.45532
2018-05-15 06:00:00,67.5,62.611702
2018-05-15 07:00:00,65.15,64.39373
2018-05-15 08:00:00,62.28,64.083
2018-05-15 09:00:00,62.53,62.987453
2018-05-15 10:00:00,62.65,62.373085
2018-05-15 11:00:00,61.81,61.694607
2018-05-15 12:00:00,60.97,59.75596
2018-05-15 13:00:00,59.1,57.524483
2018-05-15 14:00:00,57.52,55.532017
2018-05-15 15:00:00,57.03,54.803207
2018-05-15 16:00:00,55.4,56.10678
2018-05-15 17:00:00,57.4,59.739735
2018-05-15 18:00:00,59.53,62.60052
2018-05-15 19:00:00,62.58,64.74122
2018-05-15 20:00:00,59.9,63.992374
2018-05-15 21:00:00,55.6,57.749928
2018-05-15 22:00:00,54.55,55.48858
2018-05-15 23:00:00,48.62,52.43088
2018-05-16 00:00:00,46.72,49.75439
2018-05-16 01:00:00,46.39,47.462086
2018-05-16 02:00:00,47.66,46.869957
2018-05-16 03:00:00,49.11,47.975838
2018-05-16 04:00:00,54.36,50.060543
2018-05-16 05:00:00,61.71,53.94769
2018-05-16 06:00:00,63.26,59.07469
2018-05-16 07:00:00,63.04,60.47265
2018-05-16 08:00:00,61.59,59.790676
2018-05-16 09:00:00,63.17,59.853203
2018-05-16 10:00:00,63.85,59.15938
2018-05-16 11:00:00,64.04,58.89881
2018-05-16 12:00:00,63.36,57.929882
2018-05-16 13:00:00,62.78,56.87063
2018-05-16 14:00:00,62.66,57.746662
2018-05-16 15:00:00,62.77,56.528126
2018-05-16 16:00:00,61.36,56.039417
2018-05-16 17:00:00,60.98,58.430264
2018-05-16 18:00:00,63.07,62.59936
2018-05-16 19:00:00,64.28,64.00609
2018-05-16 20:00:00,62.65,64.0985
2018-05-16 21:00:00,56.52,58.027798
2018-05-16 22:00:00,55.07,56.28714
2018-05-16 23:00:00,53.59,52.565308
2018-05-17 00:00:00,52.15,50.691833
2018-05-17 01:00:00,52.36,50.22743
2018-05-17 02:00:00,53.17,50.633884
2018-05-17 03:00:00,55.13,51.860935
2018-05-17 04:00:00,58.03,55.977856
2018-05-17 05:00:00,62.62,60.138103
2018-05-17 06:00:00,62.91,62.760616
2018-05-17 07:00:00,63.81,63.795246
2018-05-17 08:00:00,62.97,63.805428
2018-05-17 09:00:00,64.23,63.88853
2018-05-17 10:00:00,64.96,63.81338
2018-05-17 11:00:00,65.16,63.469254
2018-05-17 12:00:00,64.5,62.799862
2018-05-17 13:00:00,63.01,61.1043
2018-05-17 14:00:00,63.0,60.396122
2018-05-17 15:00:00,62.8,59.017853
2018-05-17 16:00:00,62.24,57.534527
2018-05-17 17:00:00,62.3,59.41243
2018-05-17 18:00:00,63.38,62.833244
2018-05-17 19:00:00,64.81,65.160706
2018-05-17 20:00:00,63.59,64.89297
2018-05-17 21:00:00,61.53,60.45943
2018-05-17 22:00:00,61.73,59.559826
2018-05-17 23:00:00,58.75,57.201107
2018-05-18 00:00:00,57.17,53.337624
2018-05-18 01:00:00,56.66,53.95589
2018-05-18 02:00:00,57.57,53.96753
2018-05-18 03:00:00,59.97,55.448696
2018-05-18 04:00:00,63.43,57.44378
2018-05-18 05:00:00,65.2,62.392742
2018-05-18 06:00:00,65.17,65.94101
2018-05-18 07:00:00,65.88,66.91185
2018-05-18 08:00:00,65.58,66.71192
2018-05-18 09:00:00,66.24,66.62675
2018-05-18 10:00:00,66.02,66.960625
2018-05-18 11:00:00,66.3,66.504456
2018-05-18 12:00:00,65.79,65.06801
2018-05-18 13:00:00,65.04,63.15147
2018-05-18 14:00:00,64.97,61.44617
2018-05-18 15:00:00,64.95,61.774994
2018-05-18 16:00:00,64.92,63.308464
2018-05-18 17:00:00,65.26,67.49759
2018-05-18 18:00:00,67.62,66.691
2018-05-18 19:00:00,68.3,69.43104
2018-05-18 20:00:00,63.82,67.52552
2018-05-18 21:00:00,63.79,63.22217
2018-05-18 22:00:00,67.69,63.213104
2018-05-18 23:00:00,66.46,62.94944
2018-05-19 00:00:00,66.32,58.126358
2018-05-19 01:00:00,66.35,57.459335
2018-05-19 02:00:00,66.63,57.678303
2018-05-19 03:00:00,67.76,56.71025
2018-05-19 04:00:00,66.89,56.887276
2018-05-19 05:00:00,66.83,57.328476
2018-05-19 06:00:00,67.38,63.377136
2018-05-19 07:00:00,66.55,64.88057
2018-05-19 08:00:00,66.42,66.09964
2018-05-19 09:00:00,66.71,66.62934
2018-05-19 10:00:00,66.45,66.412735
2018-05-19 11:00:00,66.54,66.35998
2018-05-19 12:00:00,66.77,64.98987
2018-05-19 13:00:00,64.77,62.513435
2018-05-19 14:00:00,63.48,59.91595
2018-05-19 15:00:00,63.54,60.57857
2018-05-19 16:00:00,64.07,62.537846
2018-05-19 17:00:00,64.83,66.29638
2018-05-19 18:00:00,66.09,68.2415
2018-05-19 19:00:00,67.34,69.90012
2018-05-19 20:00:00,67.3,67.953186
2018-05-19 21:00:00,66.92,67.36513
2018-05-19 22:00:00,67.23,65.496994
2018-05-19 23:00:00,67.2,62.519146
2018-05-20 00:00:00,67.38,56.827785
2018-05-20 01:00:00,67.31,57.739216
2018-05-20 02:00:00,67.5,56.850586
2018-05-20 03:00:00,67.09,56.231773
2018-05-20 04:00:00,65.86,54.604267
2018-05-20 05:00:00,63.84,55.41749
2018-05-20 06:00:00,65.32,61.253876
2018-05-20 07:00:00,67.76,62.961807
2018-05-20 08:00:00,64.86,64.83113
2018-05-20 09:00:00,65.44,66.1309
2018-05-20 10:00:00,65.35,65.881874
2018-05-20 11:00:00,65.6,65.32864
2018-05-20 12:00:00,66.05,62.293976
2018-05-20 13:00:00,64.7,60.655556
2018-05-20 14:00:00,62.94,58.56916
2018-05-20 15:00:00,61.94,59.336586
2018-05-20 16:00:00,61.39,62.159195
2018-05-20 17:00:00,62.97,64.73901
2018-05-20 18:00:00,64.98,67.0084
2018-05-20 19:00:00,68.98,68.7321
2018-05-20 20:00:00,69.59,68.692635
2018-05-20 21:00:00,66.78,67.51414
2018-05-20 22:00:00,65.92,66.23947
2018-05-20 23:00:00,66.26,62.89176
2018-05-21 00:00:00,66.24,61.12207
2018-05-21 01:00:00,66.13,60.634045
2018-05-21 02:00:00,66.33,60.527584
2018-05-21 03:00:00,66.57,60.527584
2018-05-21 04:00:00,67.65,63.42715
2018-05-21 05:00:00,67.17,68.0299
2018-05-21 06:00:00,71.3,71.85188
2018-05-21 07:00:00,71.66,74.53267
2018-05-21 08:00:00,71.45,73.60031
2018-05-21 09:00:00,72.12,74.21539
2018-05-21 10:00:00,72.08,75.65149
2018-05-21 11:00:00,72.09,75.02266
2018-05-21 12:00:00,71.14,71.611755
2018-05-21 13:00:00,69.78,67.93075
2018-05-21 14:00:00,69.16,67.157364
2018-05-21 15:00:00,68.93,66.5352
2018-05-21 16:00:00,67.8,68.29454
2018-05-21 17:00:00,68.79,72.072495
2018-05-21 18:00:00,70.21,73.25676
2018-05-21 19:00:00,72.23,74.71604
2018-05-21 20:00:00,71.42,70.602165
2018-05-21 21:00:00,68.67,68.549774
2018-05-21 22:00:00,69.9,67.60431
2018-05-21 23:00:00,69.93,64.472046
2018-05-22 00:00:00,69.7,62.393017
2018-05-22 01:00:00,69.19,61.54183
2018-05-22 02:00:00,69.23,62.86394
2018-05-22 03:00:00,69.21,62.86394
2018-05-22 04:00:00,68.98,64.4555
2018-05-22 05:00:00,67.5,68.93984
2018-05-22 06:00:00,69.26,72.68349
2018-05-22 07:00:00,69.54,75.00084
2018-05-22 08:00:00,68.71,75.06603
2018-05-22 09:00:00,69.16,75.105965
2018-05-22 10:00:00,69.08,74.5042
2018-05-22 11:00:00,70.02,74.363914
2018-05-22 12:00:00,68.62,72.44878
2018-05-22 13:00:00,67.65,70.20406
2018-05-22 14:00:00,67.43,69.207306
2018-05-22 15:00:00,67.07,68.422005
2018-05-22 16:00:00,68.34,69.99101
2018-05-22 17:00:00,68.76,71.54195
2018-05-22 18:00:00,69.41,72.20375
2018-05-22 19:00:00,71.32,73.8259
2018-05-22 20:00:00,70.78,71.518776
2018-05-22 21:00:00,67.04,69.25819
2018-05-22 22:00:00,69.46,67.59523
2018-05-22 23:00:00,69.01,67.02754
2018-05-23 00:00:00,68.58,64.23788
2018-05-23 01:00:00,68.56,63.449112
2018-05-23 02:00:00,68.92,63.48406
2018-05-23 03:00:00,69.12,63.581264
2018-05-23 04:00:00,69.58,65.93731
2018-05-23 05:00:00,69.32,68.52384
2018-05-23 06:00:00,72.87,71.67332
2018-05-23 07:00:00,72.25,72.97637
2018-05-23 08:00:00,72.34,73.00392
2018-05-23 09:00:00,72.87,73.20021
2018-05-23 10:00:00,72.92,73.33274
2018-05-23 11:00:00,73.08,73.98342
2018-05-23 12:00:00,71.08,73.39237
2018-05-23 13:00:00,69.85,71.675026
2018-05-23 14:00:00,69.89,71.0732
2018-05-23 15:00:00,69.62,70.29267
2018-05-23 16:00:00,70.42,71.63511
2018-05-23 17:00:00,71.0,72.66843
2018-05-23 18:00:00,71.4,72.335754
2018-05-23 19:00:00,73.11,75.57308
2018-05-23 20:00:00,72.18,72.76292
2018-05-23 21:00:00,70.39,70.45839
2018-05-23 22:00:00,71.53,68.04768
2018-05-23 23:00:00,71.18,67.75777
2018-05-24 00:00:00,70.42,62.684433
2018-05-24 01:00:00,69.89,63.082047
2018-05-24 02:00:00,70.1,63.018482
2018-05-24 03:00:00,69.98,63.670696
2018-05-24 04:00:00,70.06,64.202484
2018-05-24 05:00:00,70.47,68.507034
2018-05-24 06:00:00,71.49,72.6124
2018-05-24 07:00:00,71.83,75.28688
2018-05-24 08:00:00,71.14,75.559166
2018-05-24 09:00:00,71.66,75.007774
2018-05-24 10:00:00,71.66,75.007996
2018-05-24 11:00:00,71.23,74.02869
2018-05-24 12:00:00,70.21,72.521805
2018-05-24 13:00:00,67.95,70.91006
2018-05-24 14:00:00,66.26,70.3488
2018-05-24 15:00:00,66.73,69.224
2018-05-24 16:00:00,66.8,69.26954
2018-05-24 17:00:00,69.19,70.36353
2018-05-24 18:00:00,70.49,72.87277
2018-05-24 19:00:00,71.12,74.2622
2018-05-24 20:00:00,70.89,69.4199
2018-05-24 21:00:00,70.56,67.34939
2018-05-24 22:00:00,70.03,64.07089
2018-05-24 23:00:00,69.71,64.25255
2018-05-25 00:00:00,69.04,59.169144
2018-05-25 01:00:00,68.71,58.885204
2018-05-25 02:00:00,68.72,58.7341
2018-05-25 03:00:00,69.33,60.023632
2018-05-25 04:00:00,70.03,61.95787
2018-05-25 05:00:00,69.38,65.542336
2018-05-25 06:00:00,71.1,71.99256
2018-05-25 07:00:00,71.98,74.42354
2018-05-25 08:00:00,72.0,74.69417
2018-05-25 09:00:00,72.04,74.33499
2018-05-25 10:00:00,70.17,74.38923
2018-05-25 11:00:00,71.56,74.11797
2018-05-25 12:00:00,70.48,73.373566
2018-05-25 13:00:00,69.19,71.33542
2018-05-25 14:00:00,68.46,69.73473
2018-05-25 15:00:00,67.4,69.9352
2018-05-25 16:00:00,69.37,71.193085
2018-05-25 17:00:00,70.12,72.78267
2018-05-25 18:00:00,71.15,73.032745
2018-05-25 19:00:00,73.53,74.75591
2018-05-25 20:00:00,72.61,73.170265
2018-05-25 21:00:00,71.04,70.37284
2018-05-25 22:00:00,70.15,68.70252
2018-05-25 23:00:00,69.39,69.120285
2018-05-26 00:00:00,66.92,63.885677
2018-05-26 01:00:00,66.91,63.399883
2018-05-26 02:00:00,66.72,61.996956
2018-05-26 03:00:00,66.52,60.942368
2018-05-26 04:00:00,65.33,61.38828
2018-05-26 05:00:00,64.11,61.494045
2018-05-26 06:00:00,68.71,64.86829
2018-05-26 07:00:00,69.3,68.097435
2018-05-26 08:00:00,69.71,69.97872
2018-05-26 09:00:00,69.8,69.84172
2018-05-26 10:00:00,69.53,69.84172
2018-05-26 11:00:00,69.21,69.35082
2018-05-26 12:00:00,66.61,68.94335
2018-05-26 13:00:00,60.59,67.50058
2018-05-26 14:00:00,56.99,65.80372
2018-05-26 15:00:00,56.71,63.67138
2018-05-26 16:00:00,59.06,65.156166
2018-05-26 17:00:00,66.41,67.59449
2018-05-26 18:00:00,70.07,68.62495
2018-05-26 19:00:00,72.03,70.38209
2018-05-26 20:00:00,72.22,69.716675
2018-05-26 21:00:00,71.67,67.79512
2018-05-26 22:00:00,70.56,66.21045
2018-05-26 23:00:00,69.96,65.35425
2018-05-27 00:00:00,69.34,62.207016
2018-05-27 01:00:00,69.34,60.316692
2018-05-27 02:00:00,68.43,58.779594
2018-05-27 03:00:00,66.49,59.910946
2018-05-27 04:00:00,66.08,60.89665
2018-05-27 05:00:00,62.81,57.61623
2018-05-27 06:00:00,66.65,62.329895
2018-05-27 07:00:00,68.94,63.691036
2018-05-27 08:00:00,69.89,66.218094
2018-05-27 09:00:00,71.04,66.89814
2018-05-27 10:00:00,71.25,66.93812
2018-05-27 11:00:00,71.65,66.60232
2018-05-27 12:00:00,70.73,65.38382
2018-05-27 13:00:00,64.72,62.741436
2018-05-27 14:00:00,59.22,61.897537
2018-05-27 15:00:00,60.19,61.955635
2018-05-27 16:00:00,58.14,63.879658
2018-05-27 17:00:00,58.84,67.31005
2018-05-27 18:00:00,60.8,66.617455
2018-05-27 19:00:00,70.19,71.65213
2018-05-27 20:00:00,70.19,72.15063
2018-05-27 21:00:00,67.31,69.03656
2018-05-27 22:00:00,68.05,65.36001
2018-05-27 23:00:00,65.97,63.917496
2018-05-28 00:00:00,57.81,60.81514
2018-05-28 01:00:00,56.88,60.719753
2018-05-28 02:00:00,57.4,58.671288
2018-05-28 03:00:00,57.92,59.86812
2018-05-28 04:00:00,65.66,62.962032
2018-05-28 05:00:00,68.7,67.17706
2018-05-28 06:00:00,70.13,74.168915
2018-05-28 07:00:00,71.36,76.04213
2018-05-28 08:00:00,71.11,75.93541
2018-05-28 09:00:00,72.53,76.175644
2018-05-28 10:00:00,72.69,76.175644
2018-05-28 11:00:00,72.21,74.938
2018-05-28 12:00:00,71.09,72.11255
2018-05-28 13:00:00,70.12,69.62917
2018-05-28 14:00:00,69.12,70.02709
2018-05-28 15:00:00,68.49,70.06577
2018-05-28 16:00:00,67.08,70.701904
2018-05-28 17:00:00,70.09,73.5597
2018-05-28 18:00:00,70.99,72.9808
2018-05-28 19:00:00,72.82,74.08923
2018-05-28 20:00:00,72.48,70.705246
2018-05-28 21:00:00,70.21,67.99408
2018-05-28 22:00:00,71.18,66.21081
2018-05-28 23:00:00,70.32,65.296265
2018-05-29 00:00:00,69.84,64.41064
2018-05-29 01:00:00,69.96,64.262115
2018-05-29 02:00:00,70.4,63.44233
2018-05-29 03:00:00,70.3,63.514484
2018-05-29 04:00:00,71.23,64.25648
2018-05-29 05:00:00,71.18,68.517395
2018-05-29 06:00:00,71.17,72.64108
2018-05-29 07:00:00,71.22,74.16405
2018-05-29 08:00:00,71.26,74.18614
2018-05-29 09:00:00,71.91,74.22902
2018-05-29 10:00:00,71.79,74.10546
2018-05-29 11:00:00,72.04,73.469795
2018-05-29 12:00:00,71.56,72.758484
2018-05-29 13:00:00,70.02,70.90653
2018-05-29 14:00:00,69.49,68.34101
2018-05-29 15:00:00,68.7,67.39403
2018-05-29 16:00:00,68.27,68.51307
2018-05-29 17:00:00,70.73,73.2287
2018-05-29 18:00:00,71.43,73.134865
2018-05-29 19:00:00,71.84,74.97599
2018-05-29 20:00:00,71.91,73.335335
2018-05-29 21:00:00,71.16,70.967354
2018-05-29 22:00:00,70.74,68.93639
2018-05-29 23:00:00,70.19,67.03028
2018-05-30 00:00:00,68.07,63.05172
2018-05-30 01:00:00,66.49,61.141613
2018-05-30 02:00:00,65.85,61.820568
2018-05-30 03:00:00,67.69,62.050465
2018-05-30 04:00:00,69.59,63.515404
2018-05-30 05:00:00,71.08,66.61974
2018-05-30 06:00:00,71.79,72.40202
2018-05-30 07:00:00,72.63,73.99729
2018-05-30 08:00:00,72.12,74.22576
2018-05-30 09:00:00,72.84,74.286415
2018-05-30 10:00:00,72.86,74.09961
2018-05-30 11:00:00,72.97,74.03025
2018-05-30 12:00:00,72.25,73.10216
2018-05-30 13:00:00,71.25,69.96966
2018-05-30 14:00:00,70.82,67.20944
2018-05-30 15:00:00,69.99,68.09433
2018-05-30 16:00:00,70.23,69.43554
2018-05-30 17:00:00,71.27,71.382904
2018-05-30 18:00:00,71.76,73.45662
2018-05-30 19:00:00,72.32,74.20321
2018-05-30 20:00:00,72.09,73.57079
2018-05-30 21:00:00,70.64,70.54708
2018-05-30 22:00:00,69.73,68.03225
2018-05-30 23:00:00,61.66,66.64133
2018-05-31 00:00:00,62.52,62.13482
2018-05-31 01:00:00,61.96,60.799015
2018-05-31 02:00:00,62.04,59.818554
2018-05-31 03:00:00,64.16,61.269062
2018-05-31 04:00:00,69.01,63.668995
2018-05-31 05:00:00,69.53,67.28517
2018-05-31 06:00:00,70.02,71.89353
2018-05-31 07:00:00,69.21,73.09578
2018-05-31 08:00:00,69.15,73.54736
2018-05-31 09:00:00,69.8,73.95366
2018-05-31 10:00:00,70.03,73.87196
2018-05-31 11:00:00,70.66,73.52644
2018-05-31 12:00:00,69.93,72.285324
2018-05-31 13:00:00,68.54,69.698586
2018-05-31 14:00:00,68.24,67.795
2018-05-31 15:00:00,67.98,68.22064
2018-05-31 16:00:00,67.92,69.196625
2018-05-31 17:00:00,69.6,70.75238
2018-05-31 18:00:00,71.57,71.06154
2018-05-31 19:00:00,73.36,72.03772
2018-05-31 20:00:00,73.23,71.15063
2018-05-31 21:00:00,70.55,68.79064
2018-05-31 22:00:00,71.12,62.865696
2018-05-31 23:00:00,70.34,62.287884
2018-06-01 00:00:00,68.9,58.90967
2018-06-01 01:00:00,68.73,58.54324
2018-06-01 02:00:00,68.52,58.65383
2018-06-01 03:00:00,67.81,59.108658
2018-06-01 04:00:00,70.26,59.70859
2018-06-01 05:00:00,70.77,64.06085
2018-06-01 06:00:00,71.36,67.16276
2018-06-01 07:00:00,71.35,69.12415
2018-06-01 08:00:00,71.3,71.80696
2018-06-01 09:00:00,71.08,72.567955
2018-06-01 10:00:00,71.32,73.764565
2018-06-01 11:00:00,70.94,73.586044
2018-06-01 12:00:00,68.82,74.04381
2018-06-01 13:00:00,65.56,72.65457
2018-06-01 14:00:00,64.9,72.00393
2018-06-01 15:00:00,64.78,70.35204
2018-06-01 16:00:00,64.78,70.1444
2018-06-01 17:00:00,66.51,72.25774
2018-06-01 18:00:00,69.12,72.2804
2018-06-01 19:00:00,70.12,73.298996
2018-06-01 20:00:00,69.53,72.97712
2018-06-01 21:00:00,65.9,69.401344
2018-06-01 22:00:00,66.27,64.729195
2018-06-01 23:00:00,65.69,62.019894
2018-06-02 00:00:00,64.56,56.171307
2018-06-02 01:00:00,64.57,55.51236
2018-06-02 02:00:00,64.36,53.755608
2018-06-02 03:00:00,63.57,53.139427
2018-06-02 04:00:00,62.91,56.404003
2018-06-02 05:00:00,63.58,62.860615
2018-06-02 06:00:00,63.87,70.05352
2018-06-02 07:00:00,68.54,69.34643
2018-06-02 08:00:00,70.23,69.60802
2018-06-02 09:00:00,70.96,69.029076
2018-06-02 10:00:00,70.82,71.01395
2018-06-02 11:00:00,71.11,70.452225
2018-06-02 12:00:00,69.45,69.47637
2018-06-02 13:00:00,64.41,68.78933
2018-06-02 14:00:00,61.08,68.16786
2018-06-02 15:00:00,60.84,68.25802
2018-06-02 16:00:00,61.31,68.75426
2018-06-02 17:00:00,66.55,71.79276
2018-06-02 18:00:00,69.89,72.82442
2018-06-02 19:00:00,71.71,73.59483
2018-06-02 20:00:00,71.86,73.56999
2018-06-02 21:00:00,70.91,67.39135
2018-06-02 22:00:00,69.95,63.53506
2018-06-02 23:00:00,70.11,61.603687
2018-06-03 00:00:00,68.16,55.697895
2018-06-03 01:00:00,67.18,54.27099
2018-06-03 02:00:00,63.31,55.2349
2018-06-03 03:00:00,59.27,54.208447
2018-06-03 04:00:00,57.72,54.102715
2018-06-03 05:00:00,57.73,59.17329
2018-06-03 06:00:00,59.25,65.938034
2018-06-03 07:00:00,59.38,66.7694
2018-06-03 08:00:00,61.9,67.558846
2018-06-03 09:00:00,61.76,65.096886
2018-06-03 10:00:00,60.14,65.01406
2018-06-03 11:00:00,59.62,65.080574
2018-06-03 12:00:00,60.23,61.92855
2018-06-03 13:00:00,57.08,60.531883
2018-06-03 14:00:00,54.77,60.995655
2018-06-03 15:00:00,54.55,60.95269
2018-06-03 16:00:00,53.2,62.443657
2018-06-03 17:00:00,55.11,67.65183
2018-06-03 18:00:00,58.01,69.9859
2018-06-03 19:00:00,68.52,70.91275
2018-06-03 20:00:00,69.92,70.76209
2018-06-03 21:00:00,66.27,67.48651
2018-06-03 22:00:00,61.19,61.68167
2018-06-03 23:00:00,57.78,59.20383
2018-06-04 00:00:00,55.44,52.792046
2018-06-04 01:00:00,55.46,51.018074
2018-06-04 02:00:00,55.17,51.60281
2018-06-04 03:00:00,56.02,53.229664
2018-06-04 04:00:00,60.71,56.97021
2018-06-04 05:00:00,65.42,65.14052
2018-06-04 06:00:00,68.55,68.98853
2018-06-04 07:00:00,69.9,68.267075
2018-06-04 08:00:00,68.18,68.823906
2018-06-04 09:00:00,67.83,68.31918
2018-06-04 10:00:00,68.27,68.835205
2018-06-04 11:00:00,67.7,66.87559
2018-06-04 12:00:00,65.95,65.37578
2018-06-04 13:00:00,61.49,61.08011
2018-06-04 14:00:00,60.15,62.13892
2018-06-04 15:00:00,61.32,65.29053
2018-06-04 16:00:00,63.18,65.585754
2018-06-04 17:00:00,66.7,65.56473
2018-06-04 18:00:00,66.87,67.977135
2018-06-04 19:00:00,70.41,68.32449
2018-06-04 20:00:00,70.13,67.09047
2018-06-04 21:00:00,63.95,63.385868
2018-06-04 22:00:00,57.98,60.687553
2018-06-04 23:00:00,57.77,59.647198
2018-06-05 00:00:00,56.08,54.79256
2018-06-05 01:00:00,55.46,53.586212
2018-06-05 02:00:00,55.24,54.057064
2018-06-05 03:00:00,55.86,51.371822
2018-06-05 04:00:00,58.56,54.259632
2018-06-05 05:00:00,62.57,59.309925
2018-06-05 06:00:00,67.83,61.521008
2018-06-05 07:00:00,69.11,64.65169
2018-06-05 08:00:00,69.87,66.69707
2018-06-05 09:00:00,69.09,67.52014
2018-06-05 10:00:00,68.72,66.50398
2018-06-05 11:00:00,69.03,66.4382
2018-06-05 12:00:00,69.02,64.49466
2018-06-05 13:00:00,64.8,60.43362
2018-06-05 14:00:00,64.56,63.49694
2018-06-05 15:00:00,64.55,63.314796
2018-06-05 16:00:00,64.1,63.49087
2018-06-05 17:00:00,67.19,63.09967
2018-06-05 18:00:00,67.25,66.05121
2018-06-05 19:00:00,69.23,69.665085
2018-06-05 20:00:00,68.73,67.95823
2018-06-05 21:00:00,64.49,64.79992
2018-06-05 22:00:00,66.59,63.8021
2018-06-05 23:00:00,66.08,62.995148
2018-06-06 00:00:00,62.87,58.995983
2018-06-06 01:00:00,61.59,58.35113
2018-06-06 02:00:00,62.03,57.438667
2018-06-06 03:00:00,62.25,57.90315
2018-06-06 04:00:00,67.37,59.421097
2018-06-06 05:00:00,69.36,65.84477
2018-06-06 06:00:00,70.01,69.67062
2018-06-06 07:00:00,70.47,70.797966
2018-06-06 08:00:00,70.25,70.855255
2018-06-06 09:00:00,70.75,70.756516
2018-06-06 10:00:00,70.63,70.66167
2018-06-06 11:00:00,70.6,69.417145
2018-06-06 12:00:00,70.32,69.346924
2018-06-06 13:00:00,67.77,67.13953
2018-06-06 14:00:00,67.61,66.59075
2018-06-06 15:00:00,68.04,67.71699
2018-06-06 16:00:00,66.29,68.40683
2018-06-06 17:00:00,67.96,69.356445
2018-06-06 18:00:00,68.11,69.67378
2018-06-06 19:00:00,69.47,71.564064
2018-06-06 20:00:00,68.7,70.56945
2018-06-06 21:00:00,67.2,66.69162
2018-06-06 22:00:00,65.51,64.55999
2018-06-06 23:00:00,65.39,62.544067
2018-06-07 00:00:00,63.93,59.36761
2018-06-07 01:00:00,61.68,58.938026
2018-06-07 02:00:00,61.79,58.51879
2018-06-07 03:00:00,60.66,59.54965
2018-06-07 04:00:00,62.88,61.853664
2018-06-07 05:00:00,65.25,66.58052
2018-06-07 06:00:00,69.0,70.54918
2018-06-07 07:00:00,69.8,71.09242
2018-06-07 08:00:00,69.6,72.151535
2018-06-07 09:00:00,70.36,72.26104
2018-06-07 10:00:00,70.24,72.43111
2018-06-07 11:00:00,69.68,72.38798
2018-06-07 12:00:00,69.01,70.166214
2018-06-07 13:00:00,67.82,68.280754
2018-06-07 14:00:00,68.66,69.045685
2018-06-07 15:00:00,69.42,68.84751
2018-06-07 16:00:00,69.25,69.27682
2018-06-07 17:00:00,70.25,71.06556
2018-06-07 18:00:00,70.48,70.91101
2018-06-07 19:00:00,71.16,71.375336
2018-06-07 20:00:00,71.38,70.56291
2018-06-07 21:00:00,69.71,67.47031
2018-06-07 22:00:00,66.88,65.13218
2018-06-07 23:00:00,66.17,61.362724
2018-06-08 00:00:00,65.44,59.73458
2018-06-08 01:00:00,63.76,58.209904
2018-06-08 02:00:00,62.09,58.063877
2018-06-08 03:00:00,62.31,60.26118
2018-06-08 04:00:00,64.31,62.723213
2018-06-08 05:00:00,65.31,66.70616
2018-06-08 06:00:00,67.56,70.844955
2018-06-08 07:00:00,69.49,73.50215
2018-06-08 08:00:00,69.58,73.87808
2018-06-08 09:00:00,70.39,75.37194
2018-06-08 10:00:00,70.36,75.39668
2018-06-08 11:00:00,69.49,75.19874
2018-06-08 12:00:00,68.96,74.46715
2018-06-08 13:00:00,66.64,72.92554
2018-06-08 14:00:00,66.36,72.782585
2018-06-08 15:00:00,65.99,73.10107
2018-06-08 16:00:00,65.89,73.398285
2018-06-08 17:00:00,67.03,73.86383
2018-06-08 18:00:00,68.02,73.19804
2018-06-08 19:00:00,68.62,74.19453
2018-06-08 20:00:00,68.51,73.39092
2018-06-08 21:00:00,66.99,67.61431
2018-06-08 22:00:00,66.32,63.86592
2018-06-08 23:00:00,65.47,61.142708
2018-06-09 00:00:00,65.26,56.58274
2018-06-09 01:00:00,65.7,55.759773
2018-06-09 02:00:00,65.65,55.940845
2018-06-09 03:00:00,64.7,56.027245
2018-06-09 04:00:00,63.29,59.92656
2018-06-09 05:00:00,61.93,63.496376
2018-06-09 06:00:00,63.09,65.65651
2018-06-09 07:00:00,65.69,66.14656
2018-06-09 08:00:00,66.1,68.36314
2018-06-09 09:00:00,66.52,68.9698
2018-06-09 10:00:00,65.04,67.738335
2018-06-09 11:00:00,65.25,67.15761
2018-06-09 12:00:00,65.44,66.83141
2018-06-09 13:00:00,58.8,64.00159
2018-06-09 14:00:00,56.78,62.830086
2018-06-09 15:00:00,56.3,63.050014
2018-06-09 16:00:00,58.08,63.137848
2018-06-09 17:00:00,62.34,66.523056
2018-06-09 18:00:00,65.29,68.50734
2018-06-09 19:00:00,68.16,69.69297
2018-06-09 20:00:00,68.91,66.69497
2018-06-09 21:00:00,68.14,59.69691
2018-06-09 22:00:00,63.47,62.375748
2018-06-09 23:00:00,62.62,60.441692
2018-06-10 00:00:00,58.64,54.901993
2018-06-10 01:00:00,59.23,53.01186
2018-06-10 02:00:00,58.28,53.075275
2018-06-10 03:00:00,58.06,52.218006
2018-06-10 04:00:00,58.85,53.04497
2018-06-10 05:00:00,57.54,54.40152
2018-06-10 06:00:00,59.78,57.31161
2018-06-10 07:00:00,61.03,59.316936
2018-06-10 08:00:00,64.01,60.836185
2018-06-10 09:00:00,64.88,59.765022
2018-06-10 10:00:00,65.75,57.915897
2018-06-10 11:00:00,66.48,57.01631
2018-06-10 12:00:00,66.95,56.57249
2018-06-10 13:00:00,65.43,55.07001
2018-06-10 14:00:00,60.92,54.354763
2018-06-10 15:00:00,58.45,55.664894
2018-06-10 16:00:00,55.95,56.693573
2018-06-10 17:00:00,56.86,63.823193
2018-06-10 18:00:00,62.24,67.77381
2018-06-10 19:00:00,67.83,66.46922
2018-06-10 20:00:00,68.27,62.226772
2018-06-10 21:00:00,66.59,61.149937
2018-06-10 22:00:00,61.86,57.80503
2018-06-10 23:00:00,60.59,54.300934
2018-06-11 00:00:00,57.76,50.289497
2018-06-11 01:00:00,57.99,48.533634
2018-06-11 02:00:00,57.68,48.507572
2018-06-11 03:00:00,58.05,48.398174
2018-06-11 04:00:00,62.75,55.79167
2018-06-11 05:00:00,64.21,65.11951
2018-06-11 06:00:00,67.25,69.99787
2018-06-11 07:00:00,67.6,70.43751
2018-06-11 08:00:00,68.6,69.3244
2018-06-11 09:00:00,69.56,69.04148
2018-06-11 10:00:00,69.46,70.70375
2018-06-11 11:00:00,69.38,71.310905
2018-06-11 12:00:00,68.51,68.73599
2018-06-11 13:00:00,66.23,67.06621
2018-06-11 14:00:00,65.71,68.04638
2018-06-11 15:00:00,65.45,69.491776
2018-06-11 16:00:00,64.93,72.01278
2018-06-11 17:00:00,64.78,73.010124
2018-06-11 18:00:00,66.11,72.25373
2018-06-11 19:00:00,68.36,71.22912
2018-06-11 20:00:00,66.99,65.54965
2018-06-11 21:00:00,64.23,58.57941
2018-06-11 22:00:00,60.91,64.03738
2018-06-11 23:00:00,57.43,61.845654
2018-06-12 00:00:00,57.56,55.137543
2018-06-12 01:00:00,57.66,53.833836
2018-06-12 02:00:00,57.23,53.19249
2018-06-12 03:00:00,57.59,53.834618
2018-06-12 04:00:00,60.73,57.061398
2018-06-12 05:00:00,60.37,60.23479
2018-06-12 06:00:00,65.66,63.748787
2018-06-12 07:00:00,66.24,67.04209
2018-06-12 08:00:00,65.83,67.745285
2018-06-12 09:00:00,66.58,69.01338
2018-06-12 10:00:00,66.97,67.73931
2018-06-12 11:00:00,66.21,66.732475
2018-06-12 12:00:00,63.08,64.72056
2018-06-12 13:00:00,58.05,61.946556
2018-06-12 14:00:00,57.14,61.839916
2018-06-12 15:00:00,58.07,61.783012
2018-06-12 16:00:00,59.12,64.732605
2018-06-12 17:00:00,60.23,65.70036
2018-06-12 18:00:00,59.57,67.09262
2018-06-12 19:00:00,64.63,65.77877
2018-06-12 20:00:00,62.18,65.88204
2018-06-12 21:00:00,57.76,61.066673
2018-06-12 22:00:00,55.61,59.689167
2018-06-12 23:00:00,56.11,56.914337
2018-06-13 00:00:00,55.36,52.592773
2018-06-13 01:00:00,53.83,50.142986
2018-06-13 02:00:00,53.77,50.43384
2018-06-13 03:00:00,55.0,51.348648
2018-06-13 04:00:00,57.55,55.01112
2018-06-13 05:00:00,59.05,58.1637
2018-06-13 06:00:00,61.57,61.574295
2018-06-13 07:00:00,61.03,63.910057
2018-06-13 08:00:00,60.91,63.7506
2018-06-13 09:00:00,61.83,64.01927
2018-06-13 10:00:00,60.16,64.198105
2018-06-13 11:00:00,61.39,63.649982
2018-06-13 12:00:00,62.14,62.096893
2018-06-13 13:00:00,60.19,61.146236
2018-06-13 14:00:00,59.12,60.600433
2018-06-13 15:00:00,58.78,59.16746
2018-06-13 16:00:00,58.97,59.59862
2018-06-13 17:00:00,60.88,61.534145
2018-06-13 18:00:00,60.43,62.517677
2018-06-13 19:00:00,61.76,63.25823
2018-06-13 20:00:00,61.53,63.98212
2018-06-13 21:00:00,58.78,60.67707
2018-06-13 22:00:00,61.8,59.25691
2018-06-13 23:00:00,61.57,56.252365
2018-06-14 00:00:00,60.0,51.738747
2018-06-14 01:00:00,60.02,51.993996
2018-06-14 02:00:00,59.6,52.354916
2018-06-14 03:00:00,59.75,53.16791
2018-06-14 04:00:00,62.3,55.119762
2018-06-14 05:00:00,59.7,60.38854
2018-06-14 06:00:00,62.43,63.54052
2018-06-14 07:00:00,64.32,66.05983
2018-06-14 08:00:00,64.36,66.30104
2018-06-14 09:00:00,65.01,66.52429
2018-06-14 10:00:00,66.18,67.26534
2018-06-14 11:00:00,66.25,66.657
2018-06-14 12:00:00,65.76,64.915634
2018-06-14 13:00:00,65.4,64.49425
2018-06-14 14:00:00,65.1,63.84789
2018-06-14 15:00:00,65.22,63.891087
2018-06-14 16:00:00,64.31,64.43255
2018-06-14 17:00:00,63.03,66.7401
2018-06-14 18:00:00,64.78,67.18863
2018-06-14 19:00:00,66.26,68.13742
2018-06-14 20:00:00,66.36,67.04907
2018-06-14 21:00:00,64.6,63.42455
2018-06-14 22:00:00,60.91,62.44447
2018-06-14 23:00:00,61.41,61.129345
2018-06-15 00:00:00,60.27,58.45149
2018-06-15 01:00:00,59.51,57.24058
2018-06-15 02:00:00,59.49,57.44163
2018-06-15 03:00:00,60.8,56.74126
2018-06-15 04:00:00,60.92,58.07638
2018-06-15 05:00:00,64.14,63.23498
2018-06-15 06:00:00,67.36,67.30875
2018-06-15 07:00:00,67.13,68.27385
2018-06-15 08:00:00,65.98,68.650444
2018-06-15 09:00:00,66.65,69.33499
2018-06-15 10:00:00,67.13,69.73488
2018-06-15 11:00:00,66.96,69.344574
2018-06-15 12:00:00,66.04,68.781494
2018-06-15 13:00:00,63.23,67.39867
2018-06-15 14:00:00,61.53,66.615326
2018-06-15 15:00:00,61.87,66.11763
2018-06-15 16:00:00,60.15,66.95609
2018-06-15 17:00:00,62.11,68.443855
2018-06-15 18:00:00,61.84,67.62957
2018-06-15 19:00:00,62.47,68.41016
2018-06-15 20:00:00,63.34,67.09032
2018-06-15 21:00:00,59.87,62.92854
2018-06-15 22:00:00,56.72,61.330585
2018-06-15 23:00:00,56.9,59.87692
2018-06-16 00:00:00,56.75,56.306934
2018-06-16 01:00:00,56.84,56.419273
2018-06-16 02:00:00,56.91,54.741867
2018-06-16 03:00:00,57.35,54.65954
2018-06-16 04:00:00,60.09,54.939587
2018-06-16 05:00:00,57.98,56.918823
2018-06-16 06:00:00,58.62,61.230278
2018-06-16 07:00:00,57.34,60.84375
2018-06-16 08:00:00,58.81,60.982086
2018-06-16 09:00:00,60.36,60.795605
2018-06-16 10:00:00,60.28,61.073517
2018-06-16 11:00:00,60.48,61.12161
2018-06-16 12:00:00,62.1,60.722282
2018-06-16 13:00:00,57.2,59.152554
2018-06-16 14:00:00,56.88,58.432198
2018-06-16 15:00:00,56.51,57.98058
2018-06-16 16:00:00,57.12,58.32142
2018-06-16 17:00:00,56.89,60.500763
2018-06-16 18:00:00,57.78,60.516838
2018-06-16 19:00:00,62.33,60.71465
2018-06-16 20:00:00,60.57,63.60811
2018-06-16 21:00:00,58.6,61.008194
2018-06-16 22:00:00,53.46,58.177437
2018-06-16 23:00:00,53.38,57.493332
2018-06-17 00:00:00,49.68,52.41697
2018-06-17 01:00:00,48.98,51.284035
2018-06-17 02:00:00,48.76,51.22652
2018-06-17 03:00:00,48.54,50.43275
2018-06-17 04:00:00,48.25,49.926178
2018-06-17 05:00:00,47.97,51.912205
2018-06-17 06:00:00,50.56,53.781055
2018-06-17 07:00:00,51.23,55.44453
2018-06-17 08:00:00,50.58,56.702858
2018-06-17 09:00:00,51.86,56.22885
2018-06-17 10:00:00,53.77,56.57862
2018-06-17 11:00:00,56.78,55.587074
2018-06-17 12:00:00,54.51,55.81036
2018-06-17 13:00:00,50.78,55.032104
2018-06-17 14:00:00,48.77,51.178085
2018-06-17 15:00:00,48.76,51.106052
2018-06-17 16:00:00,48.27,52.13263
2018-06-17 17:00:00,47.84,53.691193
2018-06-17 18:00:00,50.56,57.56306
2018-06-17 19:00:00,57.86,59.77098
2018-06-17 20:00:00,61.03,60.115963
2018-06-17 21:00:00,53.89,58.327534
2018-06-17 22:00:00,61.27,56.04659
2018-06-17 23:00:00,60.08,54.695133
2018-06-18 00:00:00,57.61,51.782562
2018-06-18 01:00:00,52.34,50.299095
2018-06-18 02:00:00,52.35,51.51339
2018-06-18 03:00:00,56.76,51.730446
2018-06-18 04:00:00,59.84,54.33496
2018-06-18 05:00:00,60.57,58.287586
2018-06-18 06:00:00,62.52,61.323185
2018-06-18 07:00:00,61.85,62.0757
2018-06-18 08:00:00,61.46,62.660133
2018-06-18 09:00:00,64.49,62.677654
2018-06-18 10:00:00,66.23,63.63942
2018-06-18 11:00:00,66.5,64.46826
2018-06-18 12:00:00,66.09,63.582157
2018-06-18 13:00:00,64.93,63.649742
2018-06-18 14:00:00,63.84,63.922947
2018-06-18 15:00:00,63.74,63.71081
2018-06-18 16:00:00,63.69,64.13581
2018-06-18 17:00:00,61.66,65.88907
2018-06-18 18:00:00,62.93,66.60567
2018-06-18 19:00:00,64.04,67.46827
2018-06-18 20:00:00,62.29,66.216606
2018-06-18 21:00:00,59.0,62.502785
2018-06-18 22:00:00,56.14,59.269394
2018-06-18 23:00:00,52.56,56.368122
2018-06-19 00:00:00,48.68,52.774094
2018-06-19 01:00:00,48.52,52.391804
2018-06-19 02:00:00,48.54,51.37729
2018-06-19 03:00:00,49.46,51.479164
2018-06-19 04:00:00,55.33,53.75695
2018-06-19 05:00:00,56.98,58.076134
2018-06-19 06:00:00,60.51,61.32515
2018-06-19 07:00:00,61.89,65.11107
2018-06-19 08:00:00,63.51,65.13224
2018-06-19 09:00:00,67.09,65.57404
2018-06-19 10:00:00,68.26,65.48172
2018-06-19 11:00:00,69.3,66.55784
2018-06-19 12:00:00,68.66,65.21439
2018-06-19 13:00:00,68.11,63.868637
2018-06-19 14:00:00,68.13,63.68666
2018-06-19 15:00:00,67.93,63.753918
2018-06-19 16:00:00,67.62,64.06329
2018-06-19 17:00:00,65.77,66.25434
2018-06-19 18:00:00,66.17,66.75643
2018-06-19 19:00:00,67.18,67.31373
2018-06-19 20:00:00,66.65,67.00261
2018-06-19 21:00:00,65.31,62.679623
2018-06-19 22:00:00,64.67,62.92618
2018-06-19 23:00:00,64.82,61.122818
2018-06-20 00:00:00,63.62,56.362038
2018-06-20 01:00:00,63.53,56.20025
2018-06-20 02:00:00,63.77,57.282825
2018-06-20 03:00:00,64.1,57.89266
2018-06-20 04:00:00,65.28,60.69314
2018-06-20 05:00:00,65.67,65.737434
2018-06-20 06:00:00,69.36,68.966
2018-06-20 07:00:00,68.8,70.72967
2018-06-20 08:00:00,68.07,71.97465
2018-06-20 09:00:00,70.26,72.9221
2018-06-20 10:00:00,70.68,72.94035
2018-06-20 11:00:00,70.53,73.12477
2018-06-20 12:00:00,70.31,72.65087
2018-06-20 13:00:00,69.53,71.116325
2018-06-20 14:00:00,69.2,70.679535
2018-06-20 15:00:00,69.32,70.679535
2018-06-20 16:00:00,69.54,71.88044
2018-06-20 17:00:00,67.23,73.387924
2018-06-20 18:00:00,67.91,72.65701
2018-06-20 19:00:00,68.54,72.10098
2018-06-20 20:00:00,68.28,71.31777
2018-06-20 21:00:00,65.71,67.8207
2018-06-20 22:00:00,64.33,65.129074
2018-06-20 23:00:00,63.56,63.09637
2018-06-21 00:00:00,63.66,60.59054
2018-06-21 01:00:00,63.89,60.335842
2018-06-21 02:00:00,63.72,60.464638
2018-06-21 03:00:00,63.41,60.705147
2018-06-21 04:00:00,64.11,61.19214
2018-06-21 05:00:00,64.73,65.75413
2018-06-21 06:00:00,67.22,70.57165
2018-06-21 07:00:00,68.1,72.723656
2018-06-21 08:00:00,68.03,73.681816
2018-06-21 09:00:00,70.79,73.7542
2018-06-21 10:00:00,71.24,74.51778
2018-06-21 11:00:00,71.68,74.26604
2018-06-21 12:00:00,71.35,73.669914
2018-06-21 13:00:00,70.25,72.23787
2018-06-21 14:00:00,70.16,72.08067
2018-06-21 15:00:00,69.74,71.05145
2018-06-21 16:00:00,68.94,71.092
2018-06-21 17:00:00,67.22,72.84679
2018-06-21 18:00:00,67.26,71.93783
2018-06-21 19:00:00,67.92,71.30042
2018-06-21 20:00:00,67.7,70.91216
2018-06-21 21:00:00,65.24,67.08037
2018-06-21 22:00:00,64.04,64.71304
2018-06-21 23:00:00,63.51,61.42299
2018-06-22 00:00:00,62.21,60.216793
2018-06-22 01:00:00,59.81,59.806377
2018-06-22 02:00:00,59.37,59.632797
2018-06-22 03:00:00,59.7,59.801346
2018-06-22 04:00:00,62.9,61.822308
2018-06-22 05:00:00,64.68,65.72368
2018-06-22 06:00:00,67.43,69.56387
2018-06-22 07:00:00,67.19,71.77949
2018-06-22 08:00:00,67.58,72.46673
2018-06-22 09:00:00,70.39,73.09446
2018-06-22 10:00:00,70.66,73.567924
2018-06-22 11:00:00,70.38,73.594284
2018-06-22 12:00:00,69.77,72.79067
2018-06-22 13:00:00,69.08,70.26755
2018-06-22 14:00:00,68.7,70.11899
2018-06-22 15:00:00,68.68,70.33689
2018-06-22 16:00:00,68.38,70.001205
2018-06-22 17:00:00,67.05,71.983696
2018-06-22 18:00:00,67.27,70.63507
2018-06-22 19:00:00,67.16,71.70415
2018-06-22 20:00:00,67.35,70.96255
2018-06-22 21:00:00,66.29,66.83286
2018-06-22 22:00:00,56.8,64.83068
2018-06-22 23:00:00,55.73,62.49665
2018-06-23 00:00:00,55.33,58.17463
2018-06-23 01:00:00,56.06,58.63956
2018-06-23 02:00:00,56.04,58.309307
2018-06-23 03:00:00,56.59,57.550377
2018-06-23 04:00:00,55.7,57.67283
2018-06-23 05:00:00,56.52,59.088135
2018-06-23 06:00:00,60.7,63.862087
2018-06-23 07:00:00,63.1,63.62415
2018-06-23 08:00:00,64.36,63.952557
2018-06-23 09:00:00,65.03,64.54484
2018-06-23 10:00:00,64.79,64.47667
2018-06-23 11:00:00,65.47,64.733635
2018-06-23 12:00:00,65.18,64.15536
2018-06-23 13:00:00,64.51,63.07108
2018-06-23 14:00:00,63.39,62.509903
2018-06-23 15:00:00,63.32,62.024586
2018-06-23 16:00:00,63.75,62.158646
2018-06-23 17:00:00,64.74,66.533424
2018-06-23 18:00:00,64.54,66.88429
2018-06-23 19:00:00,65.66,67.30314
2018-06-23 20:00:00,65.99,66.90032
2018-06-23 21:00:00,63.85,63.753517
2018-06-23 22:00:00,65.14,62.173992
2018-06-23 23:00:00,64.62,59.21185
2018-06-24 00:00:00,64.18,55.154472
2018-06-24 01:00:00,64.58,54.936462
2018-06-24 02:00:00,63.87,54.95199
2018-06-24 03:00:00,64.08,56.516254
2018-06-24 04:00:00,63.56,57.447212
2018-06-24 05:00:00,61.32,59.89947
2018-06-24 06:00:00,64.16,62.465454
2018-06-24 07:00:00,64.54,63.636753
2018-06-24 08:00:00,63.46,64.27268
2018-06-24 09:00:00,64.13,64.68484
2018-06-24 10:00:00,64.63,65.74559
2018-06-24 11:00:00,65.28,66.089195
2018-06-24 12:00:00,65.36,66.53967
2018-06-24 13:00:00,64.63,65.138985
2018-06-24 14:00:00,63.63,64.93722
2018-06-24 15:00:00,63.02,63.844032
2018-06-24 16:00:00,63.37,64.47843
2018-06-24 17:00:00,64.39,68.21389
2018-06-24 18:00:00,65.2,68.25778
2018-06-24 19:00:00,65.96,69.900024
2018-06-24 20:00:00,66.56,70.18152
2018-06-24 21:00:00,65.56,68.64641
2018-06-24 22:00:00,65.2,67.29649
2018-06-24 23:00:00,63.67,64.578804
2018-06-25 00:00:00,60.94,61.999184
2018-06-25 01:00:00,57.64,61.34931
2018-06-25 02:00:00,57.68,61.05889
2018-06-25 03:00:00,59.48,60.76174
2018-06-25 04:00:00,63.48,62.226482
2018-06-25 05:00:00,66.14,67.06205
2018-06-25 06:00:00,69.27,71.635666
2018-06-25 07:00:00,70.14,72.48106
2018-06-25 08:00:00,70.12,73.78245
2018-06-25 09:00:00,72.25,74.119385
2018-06-25 10:00:00,72.77,74.57581
2018-06-25 11:00:00,72.96,74.195305
2018-06-25 12:00:00,72.55,71.98578
2018-06-25 13:00:00,71.61,71.82421
2018-06-25 14:00:00,71.39,73.36165
2018-06-25 15:00:00,71.32,73.47264
2018-06-25 16:00:00,70.79,73.532745
2018-06-25 17:00:00,69.51,74.18338
2018-06-25 18:00:00,69.83,74.46617
2018-06-25 19:00:00,70.12,73.71463
2018-06-25 20:00:00,71.11,71.344086
2018-06-25 21:00:00,68.93,67.926285
2018-06-25 22:00:00,66.5,65.48643
2018-06-25 23:00:00,65.04,65.86916
2018-06-26 00:00:00,63.65,62.13933
2018-06-26 01:00:00,63.53,62.160614
2018-06-26 02:00:00,63.72,62.37175
2018-06-26 03:00:00,64.26,63.815678
2018-06-26 04:00:00,64.83,65.42802
2018-06-26 05:00:00,66.8,69.175064
2018-06-26 06:00:00,70.95,72.15612
2018-06-26 07:00:00,72.01,74.55015
2018-06-26 08:00:00,71.67,77.30895
2018-06-26 09:00:00,73.92,77.98339
2018-06-26 10:00:00,74.27,77.13568
2018-06-26 11:00:00,74.25,77.86858
2018-06-26 12:00:00,72.97,76.40959
2018-06-26 13:00:00,71.74,74.77519
2018-06-26 14:00:00,71.07,76.75856
2018-06-26 15:00:00,70.99,76.7064
2018-06-26 16:00:00,70.91,73.70697
2018-06-26 17:00:00,69.42,75.02245
2018-06-26 18:00:00,70.27,73.58293
2018-06-26 19:00:00,71.0,73.46935
2018-06-26 20:00:00,70.47,71.1644
2018-06-26 21:00:00,67.98,68.35514
2018-06-26 22:00:00,65.87,66.22073
2018-06-26 23:00:00,65.29,65.87667
2018-06-27 00:00:00,64.55,64.037476
2018-06-27 01:00:00,63.69,61.994785
2018-06-27 02:00:00,63.9,62.442577
2018-06-27 03:00:00,64.27,63.627613
2018-06-27 04:00:00,64.52,66.417854
2018-06-27 05:00:00,66.19,68.769394
2018-06-27 06:00:00,69.91,72.678055
2018-06-27 07:00:00,69.48,74.23677
2018-06-27 08:00:00,69.77,75.03638
2018-06-27 09:00:00,72.54,75.30648
2018-06-27 10:00:00,72.94,76.654495
2018-06-27 11:00:00,73.32,77.17346
2018-06-27 12:00:00,73.04,75.928856
2018-06-27 13:00:00,71.81,74.133766
2018-06-27 14:00:00,71.46,73.477104
2018-06-27 15:00:00,71.32,73.51488
2018-06-27 16:00:00,70.88,72.986404
2018-06-27 17:00:00,70.24,75.167114
2018-06-27 18:00:00,69.82,75.03783
2018-06-27 19:00:00,69.49,73.60567
2018-06-27 20:00:00,69.73,73.00825
2018-06-27 21:00:00,67.19,70.09276
2018-06-27 22:00:00,65.33,68.348724
2018-06-27 23:00:00,64.0,66.71993
2018-06-28 00:00:00,63.56,63.491806
2018-06-28 01:00:00,62.33,63.32591
2018-06-28 02:00:00,62.27,62.661194
2018-06-28 03:00:00,62.35,62.607773
2018-06-28 04:00:00,62.95,64.42552
2018-06-28 05:00:00,63.92,67.87941
2018-06-28 06:00:00,68.68,71.06859
2018-06-28 07:00:00,69.51,73.11956
2018-06-28 08:00:00,70.04,74.47279
2018-06-28 09:00:00,72.71,74.61419
2018-06-28 10:00:00,73.04,75.16358
2018-06-28 11:00:00,72.64,75.79965
2018-06-28 12:00:00,72.54,73.730804
2018-06-28 13:00:00,71.54,72.46595
2018-06-28 14:00:00,71.42,72.147285
2018-06-28 15:00:00,71.31,71.517715
2018-06-28 16:00:00,70.98,70.90105
2018-06-28 17:00:00,69.49,72.04454
2018-06-28 18:00:00,69.22,71.33547
2018-06-28 19:00:00,70.48,72.87675
2018-06-28 20:00:00,69.81,70.832466
2018-06-28 21:00:00,67.96,68.2497
2018-06-28 22:00:00,65.78,67.51188
2018-06-28 23:00:00,65.37,66.70302
2018-06-29 00:00:00,63.89,63.489483
2018-06-29 01:00:00,63.18,63.38569
2018-06-29 02:00:00,62.83,62.369946
2018-06-29 03:00:00,63.8,62.840775
2018-06-29 04:00:00,65.06,64.58414
2018-06-29 05:00:00,66.38,67.97039
2018-06-29 06:00:00,70.12,71.93777
2018-06-29 07:00:00,69.85,73.50785
2018-06-29 08:00:00,69.99,75.15441
2018-06-29 09:00:00,72.08,75.658165
2018-06-29 10:00:00,72.25,75.81493
2018-06-29 11:00:00,72.31,75.27877
2018-06-29 12:00:00,71.23,73.91406
2018-06-29 13:00:00,69.92,73.02041
2018-06-29 14:00:00,69.77,72.54967
2018-06-29 15:00:00,69.59,72.199265
2018-06-29 16:00:00,69.28,70.87748
2018-06-29 17:00:00,67.66,72.49526
2018-06-29 18:00:00,68.82,72.85589
2018-06-29 19:00:00,68.66,72.970634
2018-06-29 20:00:00,69.32,72.14621
2018-06-29 21:00:00,68.64,67.79356
2018-06-29 22:00:00,67.02,65.686455
2018-06-29 23:00:00,65.88,64.48496
2018-06-30 00:00:00,64.89,62.60335
2018-06-30 01:00:00,64.52,61.79487
2018-06-30 02:00:00,63.09,60.099598
2018-06-30 03:00:00,63.59,60.351585
2018-06-30 04:00:00,62.4,62.00304
2018-06-30 05:00:00,61.77,62.113335
2018-06-30 06:00:00,62.83,65.75353
2018-06-30 07:00:00,63.29,65.298325
2018-06-30 08:00:00,63.19,66.50129
2018-06-30 09:00:00,63.88,68.028114
2018-06-30 10:00:00,64.14,67.29208
2018-06-30 11:00:00,63.94,66.961
2018-06-30 12:00:00,64.33,65.306915
2018-06-30 13:00:00,60.89,61.639572
2018-06-30 14:00:00,59.42,60.688248
2018-06-30 15:00:00,59.53,61.162167
2018-06-30 16:00:00,62.17,63.13883
2018-06-30 17:00:00,64.29,67.6408
2018-06-30 18:00:00,66.68,67.8263
2018-06-30 19:00:00,67.72,68.33538
2018-06-30 20:00:00,68.66,67.91823
2018-06-30 21:00:00,69.12,65.236084
2018-06-30 22:00:00,66.5,61.19678
2018-06-30 23:00:00,65.97,58.28888
2018-07-01 00:00:00,65.85,52.667667
2018-07-01 01:00:00,63.24,53.23151
2018-07-01 02:00:00,63.07,53.378197
2018-07-01 03:00:00,62.85,52.57348
2018-07-01 04:00:00,61.56,51.02705
2018-07-01 05:00:00,58.28,50.16254
2018-07-01 06:00:00,59.63,56.56901
2018-07-01 07:00:00,60.83,59.35229
2018-07-01 08:00:00,60.11,61.275364
2018-07-01 09:00:00,61.58,63.64255
2018-07-01 10:00:00,61.38,63.61736
2018-07-01 11:00:00,61.47,64.87581
2018-07-01 12:00:00,61.39,64.26074
2018-07-01 13:00:00,56.57,62.59766
2018-07-01 14:00:00,55.53,60.34959
2018-07-01 15:00:00,55.62,60.002575
2018-07-01 16:00:00,55.92,61.971375
2018-07-01 17:00:00,57.98,66.81159
2018-07-01 18:00:00,61.98,67.21427
2018-07-01 19:00:00,66.99,68.3391
2018-07-01 20:00:00,68.85,69.13612
2018-07-01 21:00:00,68.95,67.00554
2018-07-01 22:00:00,63.5,60.510002
2018-07-01 23:00:00,59.47,56.59696
2018-07-02 00:00:00,57.05,52.079185
2018-07-02 01:00:00,57.06,51.22721
2018-07-02 02:00:00,57.2,51.020218
2018-07-02 03:00:00,59.58,51.469753
2018-07-02 04:00:00,63.49,58.35864
2018-07-02 05:00:00,64.0,64.57411
2018-07-02 06:00:00,68.97,69.926445
2018-07-02 07:00:00,69.26,71.28774
2018-07-02 08:00:00,70.43,72.9539
2018-07-02 09:00:00,72.8,74.027794
2018-07-02 10:00:00,74.12,73.81724
2018-07-02 11:00:00,74.31,73.49879
2018-07-02 12:00:00,73.15,72.15812
2018-07-02 13:00:00,71.6,72.6365
2018-07-02 14:00:00,70.85,73.39895
2018-07-02 15:00:00,70.74,74.53429
2018-07-02 16:00:00,70.75,74.74901
2018-07-02 17:00:00,69.38,77.429596
2018-07-02 18:00:00,69.34,77.74968
2018-07-02 19:00:00,70.38,79.16818
2018-07-02 20:00:00,69.99,75.72104
2018-07-02 21:00:00,69.43,71.57179
2018-07-02 22:00:00,65.58,61.80274
2018-07-02 23:00:00,63.5,61.908535
2018-07-03 00:00:00,62.11,55.618668
2018-07-03 01:00:00,60.56,56.047024
2018-07-03 02:00:00,60.5,56.310486
2018-07-03 03:00:00,62.18,55.238987
2018-07-03 04:00:00,63.79,60.94018
2018-07-03 05:00:00,64.45,66.87362
2018-07-03 06:00:00,68.47,72.45299
2018-07-03 07:00:00,69.96,74.39561
2018-07-03 08:00:00,69.88,74.32579
2018-07-03 09:00:00,72.21,73.50534
2018-07-03 10:00:00,71.91,73.55527
2018-07-03 11:00:00,71.42,73.55317
2018-07-03 12:00:00,70.82,73.769104
2018-07-03 13:00:00,70.06,72.809616
2018-07-03 14:00:00,69.74,71.548225
2018-07-03 15:00:00,69.77,71.30173
2018-07-03 16:00:00,70.77,72.54019
2018-07-03 17:00:00,69.02,75.01238
2018-07-03 18:00:00,69.46,75.571304
2018-07-03 19:00:00,69.07,75.137146
2018-07-03 20:00:00,71.25,73.71036
2018-07-03 21:00:00,67.58,68.391754
2018-07-03 22:00:00,66.0,63.29631
2018-07-03 23:00:00,63.75,61.08874
2018-07-04 00:00:00,63.44,55.69395
2018-07-04 01:00:00,63.48,56.25268
2018-07-04 02:00:00,63.5,56.137856
2018-07-04 03:00:00,64.17,56.521385
2018-07-04 04:00:00,64.45,57.26683
2018-07-04 05:00:00,63.96,61.287296
2018-07-04 06:00:00,69.85,66.7761
2018-07-04 07:00:00,73.0,72.03219
2018-07-04 08:00:00,70.56,72.33569
2018-07-04 09:00:00,73.5,72.734924
2018-07-04 10:00:00,72.77,73.26704
2018-07-04 11:00:00,71.3,73.63284
2018-07-04 12:00:00,71.06,72.52243
2018-07-04 13:00:00,69.53,71.85269
2018-07-04 14:00:00,68.49,70.49668
2018-07-04 15:00:00,68.77,71.02901
2018-07-04 16:00:00,68.75,71.12047
2018-07-04 17:00:00,67.38,70.85551
2018-07-04 18:00:00,66.81,70.394966
2018-07-04 19:00:00,65.39,72.49866
2018-07-04 20:00:00,68.52,70.90392
2018-07-04 21:00:00,65.15,67.14948
2018-07-04 22:00:00,60.79,65.67291
2018-07-04 23:00:00,56.57,64.94788
2018-07-05 00:00:00,56.41,60.05322
2018-07-05 01:00:00,56.76,58.96496
2018-07-05 02:00:00,56.74,58.408005
2018-07-05 03:00:00,57.16,59.012913
2018-07-05 04:00:00,59.93,63.10875
2018-07-05 05:00:00,62.49,64.39782
2018-07-05 06:00:00,67.69,68.34224
2018-07-05 07:00:00,68.68,68.96245
2018-07-05 08:00:00,69.09,69.169014
2018-07-05 09:00:00,71.68,69.28094
2018-07-05 10:00:00,71.34,69.051956
2018-07-05 11:00:00,70.89,69.10558
2018-07-05 12:00:00,71.13,68.02421
2018-07-05 13:00:00,70.93,66.693596
2018-07-05 14:00:00,70.24,65.97142
2018-07-05 15:00:00,70.02,65.48516
2018-07-05 16:00:00,69.93,66.217094
2018-07-05 17:00:00,68.14,67.98054
2018-07-05 18:00:00,67.83,67.986786
2018-07-05 19:00:00,68.5,69.381805
2018-07-05 20:00:00,69.36,68.22717
2018-07-05 21:00:00,68.4,64.1315
2018-07-05 22:00:00,65.59,63.03803
2018-07-05 23:00:00,62.67,61.725037
2018-07-06 00:00:00,60.88,57.78719
2018-07-06 01:00:00,59.79,57.119434
2018-07-06 02:00:00,59.26,57.2288
2018-07-06 03:00:00,61.57,58.002274
2018-07-06 04:00:00,64.43,58.98585
2018-07-06 05:00:00,64.12,64.015755
2018-07-06 06:00:00,67.89,68.700356
2018-07-06 07:00:00,69.09,70.15925
2018-07-06 08:00:00,69.0,70.820015
2018-07-06 09:00:00,71.68,70.70959
2018-07-06 10:00:00,72.22,71.23779
2018-07-06 11:00:00,72.48,71.68516
2018-07-06 12:00:00,71.59,70.69115
2018-07-06 13:00:00,70.41,69.02103
2018-07-06 14:00:00,70.02,68.580635
2018-07-06 15:00:00,69.88,68.50422
2018-07-06 16:00:00,69.51,68.6867
2018-07-06 17:00:00,68.13,69.78576
2018-07-06 18:00:00,68.26,69.89794
2018-07-06 19:00:00,68.38,70.935974
2018-07-06 20:00:00,68.45,69.89868
2018-07-06 21:00:00,67.22,67.33922
2018-07-06 22:00:00,65.68,64.01307
2018-07-06 23:00:00,64.52,62.43399
2018-07-07 00:00:00,64.82,60.155468
2018-07-07 01:00:00,65.2,59.981018
2018-07-07 02:00:00,65.13,58.837826
2018-07-07 03:00:00,65.24,58.990044
2018-07-07 04:00:00,64.7,59.567043
2018-07-07 05:00:00,64.23,60.704994
2018-07-07 06:00:00,64.66,64.850685
2018-07-07 07:00:00,65.71,67.21473
2018-07-07 08:00:00,65.63,67.79378
2018-07-07 09:00:00,66.0,68.655
2018-07-07 10:00:00,65.99,69.52169
2018-07-07 11:00:00,66.72,70.22901
2018-07-07 12:00:00,66.49,69.487465
2018-07-07 13:00:00,65.18,66.98733
2018-07-07 14:00:00,64.65,65.01368
2018-07-07 15:00:00,64.51,64.49594
2018-07-07 16:00:00,64.38,63.331234
2018-07-07 17:00:00,64.59,66.65561
2018-07-07 18:00:00,65.47,66.89986
2018-07-07 19:00:00,66.33,66.96628
2018-07-07 20:00:00,67.05,67.854706
2018-07-07 21:00:00,65.16,65.9729
2018-07-07 22:00:00,63.45,67.964676
2018-07-07 23:00:00,61.82,63.142002
2018-07-08 00:00:00,59.9,55.831894
2018-07-08 01:00:00,57.92,55.855415
2018-07-08 02:00:00,57.28,53.42375
2018-07-08 03:00:00,57.62,52.994293
2018-07-08 04:00:00,57.42,55.2878
2018-07-08 05:00:00,57.28,59.016983
2018-07-08 06:00:00,59.34,61.67708
2018-07-08 07:00:00,59.15,62.41343
2018-07-08 08:00:00,62.82,63.035065
2018-07-08 09:00:00,65.98,64.022
2018-07-08 10:00:00,66.48,64.113335
2018-07-08 11:00:00,66.96,64.42298
2018-07-08 12:00:00,67.06,64.55097
2018-07-08 13:00:00,65.99,63.88735
2018-07-08 14:00:00,64.95,62.704967
2018-07-08 15:00:00,65.84,61.808407
2018-07-08 16:00:00,64.98,61.5558
2018-07-08 17:00:00,65.18,65.14228
2018-07-08 18:00:00,63.39,66.5459
2018-07-08 19:00:00,67.01,67.63407
2018-07-08 20:00:00,67.68,67.11701
2018-07-08 21:00:00,66.38,66.37503
2018-07-08 22:00:00,65.4,60.773624
2018-07-08 23:00:00,62.56,57.554123
2018-07-09 00:00:00,57.68,54.05703
2018-07-09 01:00:00,56.47,52.642685
2018-07-09 02:00:00,56.2,53.787346
2018-07-09 03:00:00,56.71,53.828205
2018-07-09 04:00:00,62.06,60.66461
2018-07-09 05:00:00,65.27,65.94518
2018-07-09 06:00:00,68.7,70.38916
2018-07-09 07:00:00,68.69,73.01115
2018-07-09 08:00:00,69.91,74.22898
2018-07-09 09:00:00,72.72,74.22754
2018-07-09 10:00:00,73.1,76.01855
2018-07-09 11:00:00,73.31,76.03704
2018-07-09 12:00:00,73.0,73.52784
2018-07-09 13:00:00,71.81,71.374405
2018-07-09 14:00:00,71.36,72.41053
2018-07-09 15:00:00,71.15,71.91482
2018-07-09 16:00:00,70.45,70.77261
2018-07-09 17:00:00,68.93,70.58063
2018-07-09 18:00:00,68.6,71.10774
2018-07-09 19:00:00,68.97,71.280334
2018-07-09 20:00:00,69.59,67.44208
2018-07-09 21:00:00,68.38,62.209248
2018-07-09 22:00:00,64.21,58.974903
2018-07-09 23:00:00,60.26,57.673527
2018-07-10 00:00:00,57.31,52.91869
2018-07-10 01:00:00,55.78,52.627876
2018-07-10 02:00:00,55.32,52.60141
2018-07-10 03:00:00,56.16,53.419376
2018-07-10 04:00:00,60.83,54.001392
2018-07-10 05:00:00,63.81,55.563427
2018-07-10 06:00:00,67.84,60.25508
2018-07-10 07:00:00,69.19,67.48418
2018-07-10 08:00:00,69.41,67.362144
2018-07-10 09:00:00,72.22,67.936295
2018-07-10 10:00:00,72.59,68.50023
2018-07-10 11:00:00,73.39,68.84172
2018-07-10 12:00:00,72.61,68.60204
2018-07-10 13:00:00,71.77,66.8942
2018-07-10 14:00:00,71.41,67.29139
2018-07-10 15:00:00,70.91,65.618546
2018-07-10 16:00:00,69.91,65.79251
2018-07-10 17:00:00,68.37,68.899864
2018-07-10 18:00:00,68.21,70.10926
2018-07-10 19:00:00,68.78,68.41392
2018-07-10 20:00:00,69.31,65.81228
2018-07-10 21:00:00,67.97,62.44575
2018-07-10 22:00:00,64.54,57.9517
2018-07-10 23:00:00,58.54,57.06239
2018-07-11 00:00:00,56.97,52.93876
2018-07-11 01:00:00,56.47,51.995087
2018-07-11 02:00:00,55.63,52.375305
2018-07-11 03:00:00,55.99,52.780884
2018-07-11 04:00:00,60.21,55.343143
2018-07-11 05:00:00,64.62,62.539658
2018-07-11 06:00:00,69.31,66.98362
2018-07-11 07:00:00,69.79,70.13408
2018-07-11 08:00:00,70.09,71.48153
2018-07-11 09:00:00,72.78,71.349075
2018-07-11 10:00:00,74.03,72.41205
2018-07-11 11:00:00,74.68,71.50094
2018-07-11 12:00:00,73.74,69.17472
2018-07-11 13:00:00,72.06,68.9043
2018-07-11 14:00:00,71.42,69.7986
2018-07-11 15:00:00,70.79,70.31424
2018-07-11 16:00:00,70.24,71.654625
2018-07-11 17:00:00,68.63,73.93285
2018-07-11 18:00:00,69.2,74.36755
2018-07-11 19:00:00,70.25,74.24153
2018-07-11 20:00:00,70.88,71.810745
2018-07-11 21:00:00,68.51,67.34227
2018-07-11 22:00:00,64.97,61.490864
2018-07-11 23:00:00,64.17,58.80431
2018-07-12 00:00:00,61.0,53.065765
2018-07-12 01:00:00,59.95,52.07151
2018-07-12 02:00:00,59.88,51.95195
2018-07-12 03:00:00,60.72,53.17577
2018-07-12 04:00:00,64.63,55.92133
2018-07-12 05:00:00,66.6,62.20467
2018-07-12 06:00:00,71.27,66.31072
2018-07-12 07:00:00,73.09,72.2867
2018-07-12 08:00:00,72.34,72.73013
2018-07-12 09:00:00,75.15,72.58408
2018-07-12 10:00:00,76.35,72.28946
2018-07-12 11:00:00,76.84,72.33402
2018-07-12 12:00:00,76.13,70.0486
2018-07-12 13:00:00,74.47,69.24797
2018-07-12 14:00:00,74.03,68.84708
2018-07-12 15:00:00,73.42,70.624466
2018-07-12 16:00:00,72.56,71.461266
2018-07-12 17:00:00,70.28,72.97101
2018-07-12 18:00:00,70.98,72.73499
2018-07-12 19:00:00,71.24,73.30296
2018-07-12 20:00:00,71.0,72.09338
2018-07-12 21:00:00,68.89,67.484825
2018-07-12 22:00:00,65.71,69.36834
2018-07-12 23:00:00,64.03,67.71103
2018-07-13 00:00:00,61.25,61.95191
2018-07-13 01:00:00,59.77,60.463226
2018-07-13 02:00:00,59.92,61.209637
2018-07-13 03:00:00,61.77,62.112713
2018-07-13 04:00:00,64.63,65.56976
2018-07-13 05:00:00,66.4,69.51302
2018-07-13 06:00:00,71.31,74.312744
2018-07-13 07:00:00,71.92,77.23016
2018-07-13 08:00:00,71.75,77.57413
2018-07-13 09:00:00,74.38,78.03633
2018-07-13 10:00:00,74.94,79.27186
2018-07-13 11:00:00,75.26,78.829414
2018-07-13 12:00:00,73.73,76.3313
2018-07-13 13:00:00,72.9,74.630226
2018-07-13 14:00:00,72.52,73.55204
2018-07-13 15:00:00,72.56,73.39476
2018-07-13 16:00:00,71.52,73.75984
2018-07-13 17:00:00,70.1,74.06365
2018-07-13 18:00:00,70.86,73.34814
2018-07-13 19:00:00,71.52,73.79886
2018-07-13 20:00:00,71.28,72.93761
2018-07-13 21:00:00,70.12,70.27287
2018-07-13 22:00:00,67.6,67.22118
2018-07-13 23:00:00,66.75,65.599556
2018-07-14 00:00:00,65.98,62.949028
2018-07-14 01:00:00,65.47,62.482258
2018-07-14 02:00:00,65.21,61.022186
2018-07-14 03:00:00,65.46,62.091198
2018-07-14 04:00:00,64.69,63.1678
2018-07-14 05:00:00,64.83,63.637486
2018-07-14 06:00:00,66.85,66.94978
2018-07-14 07:00:00,67.34,69.909744
2018-07-14 08:00:00,67.95,71.76671
2018-07-14 09:00:00,68.65,73.813965
2018-07-14 10:00:00,68.58,72.52192
2018-07-14 11:00:00,68.25,73.47373
2018-07-14 12:00:00,68.05,73.01228
2018-07-14 13:00:00,66.52,70.13595
2018-07-14 14:00:00,64.86,67.57588
2018-07-14 15:00:00,63.85,67.05267
2018-07-14 16:00:00,63.57,66.47957
2018-07-14 17:00:00,65.0,69.255684
2018-07-14 18:00:00,67.73,69.41862
2018-07-14 19:00:00,69.0,70.510376
2018-07-14 20:00:00,69.38,69.85183
2018-07-14 21:00:00,68.6,67.49255
2018-07-14 22:00:00,67.63,65.13069
2018-07-14 23:00:00,66.53,64.39151
2018-07-15 00:00:00,65.61,60.082035
2018-07-15 01:00:00,65.66,59.62356
2018-07-15 02:00:00,63.26,58.455753
2018-07-15 03:00:00,63.18,58.263756
2018-07-15 04:00:00,62.92,56.35577
2018-07-15 05:00:00,63.17,57.13953
2018-07-15 06:00:00,67.25,62.778076
2018-07-15 07:00:00,67.89,64.05721
2018-07-15 08:00:00,66.84,64.921104
2018-07-15 09:00:00,68.29,66.86763
2018-07-15 10:00:00,68.08,67.38858
2018-07-15 11:00:00,68.68,67.6648
2018-07-15 12:00:00,67.96,66.827225
2018-07-15 13:00:00,63.45,63.769318
2018-07-15 14:00:00,59.89,59.83697
2018-07-15 15:00:00,57.48,60.130573
2018-07-15 16:00:00,57.0,59.191414
2018-07-15 17:00:00,59.64,61.490643
2018-07-15 18:00:00,61.02,63.593006
2018-07-15 19:00:00,64.04,69.41086
2018-07-15 20:00:00,68.56,70.2983
2018-07-15 21:00:00,63.99,67.00753
2018-07-15 22:00:00,64.09,63.23461
2018-07-15 23:00:00,57.5,59.029575
2018-07-16 00:00:00,55.24,55.241405
2018-07-16 01:00:00,55.16,52.91648
2018-07-16 02:00:00,55.26,53.04481
2018-07-16 03:00:00,55.23,53.269127
2018-07-16 04:00:00,58.09,57.358162
2018-07-16 05:00:00,62.44,63.606693
2018-07-16 06:00:00,68.64,68.87436
2018-07-16 07:00:00,69.97,71.71195
2018-07-16 08:00:00,70.21,72.73247
2018-07-16 09:00:00,72.2,73.266
2018-07-16 10:00:00,72.74,71.36119
2018-07-16 11:00:00,73.21,70.782005
2018-07-16 12:00:00,73.07,69.17478
2018-07-16 13:00:00,71.86,68.43761
2018-07-16 14:00:00,72.07,69.04701
2018-07-16 15:00:00,72.3,71.16043
2018-07-16 16:00:00,71.96,72.16335
2018-07-16 17:00:00,70.49,72.62618
2018-07-16 18:00:00,71.24,72.923035
2018-07-16 19:00:00,72.65,74.13079
2018-07-16 20:00:00,73.13,72.190895
2018-07-16 21:00:00,70.92,68.34443
2018-07-16 22:00:00,66.29,65.33781
2018-07-16 23:00:00,64.46,63.387012
2018-07-17 00:00:00,60.73,59.976326
2018-07-17 01:00:00,60.64,59.814735
2018-07-17 02:00:00,59.6,60.09644
2018-07-17 03:00:00,60.23,60.89995
2018-07-17 04:00:00,64.46,64.27564
2018-07-17 05:00:00,66.55,67.88501
2018-07-17 06:00:00,70.83,72.94179
2018-07-17 07:00:00,71.49,74.45003
2018-07-17 08:00:00,71.65,75.30413
2018-07-17 09:00:00,74.01,76.29711
2018-07-17 10:00:00,74.95,77.71355
2018-07-17 11:00:00,75.53,78.64047
2018-07-17 12:00:00,74.41,77.85595
2018-07-17 13:00:00,73.32,75.15214
2018-07-17 14:00:00,72.88,74.88312
2018-07-17 15:00:00,72.48,74.27717
2018-07-17 16:00:00,71.81,73.80429
2018-07-17 17:00:00,69.83,74.58708
2018-07-17 18:00:00,70.05,74.50537
2018-07-17 19:00:00,70.32,74.17808
2018-07-17 20:00:00,70.35,72.99048
2018-07-17 21:00:00,66.85,68.56302
2018-07-17 22:00:00,63.96,66.49613
2018-07-17 23:00:00,60.23,62.64076
2018-07-18 00:00:00,58.25,57.58128
2018-07-18 01:00:00,58.7,57.358166
2018-07-18 02:00:00,58.05,58.639072
2018-07-18 03:00:00,58.61,59.905796
2018-07-18 04:00:00,64.4,63.489067
2018-07-18 05:00:00,67.51,67.73923
2018-07-18 06:00:00,70.89,72.188385
2018-07-18 07:00:00,72.19,74.172104
2018-07-18 08:00:00,72.05,74.64972
2018-07-18 09:00:00,74.63,75.61164
2018-07-18 10:00:00,74.6,76.89241
2018-07-18 11:00:00,74.93,77.32909
2018-07-18 12:00:00,74.06,76.12678
2018-07-18 13:00:00,73.0,74.15838
2018-07-18 14:00:00,72.87,73.31064
2018-07-18 15:00:00,72.69,73.220474
2018-07-18 16:00:00,72.82,73.17845
2018-07-18 17:00:00,70.31,75.090195
2018-07-18 18:00:00,70.87,74.96862
2018-07-18 19:00:00,72.35,75.22768
2018-07-18 20:00:00,73.5,74.10789
2018-07-18 21:00:00,71.84,71.17114
2018-07-18 22:00:00,68.99,68.85981
2018-07-18 23:00:00,67.08,66.91893
2018-07-19 00:00:00,65.19,62.1946
2018-07-19 01:00:00,62.87,60.866528
2018-07-19 02:00:00,63.02,60.6365
2018-07-19 03:00:00,64.5,61.098328
2018-07-19 04:00:00,66.75,64.66859
2018-07-19 05:00:00,67.18,69.03976
2018-07-19 06:00:00,72.4,73.66351
2018-07-19 07:00:00,73.76,75.69597
2018-07-19 08:00:00,73.75,76.30918
2018-07-19 09:00:00,76.01,77.53131
2018-07-19 10:00:00,76.12,78.87084
2018-07-19 11:00:00,75.89,79.37009
2018-07-19 12:00:00,75.21,78.864395
2018-07-19 13:00:00,73.11,75.79245
2018-07-19 14:00:00,72.32,74.62675
2018-07-19 15:00:00,71.82,73.83858
2018-07-19 16:00:00,71.56,73.59595
2018-07-19 17:00:00,70.09,74.90246
2018-07-19 18:00:00,70.01,74.749016
2018-07-19 19:00:00,70.09,75.0609
2018-07-19 20:00:00,70.32,73.71919
2018-07-19 21:00:00,69.2,70.28287
2018-07-19 22:00:00,65.43,67.03185
2018-07-19 23:00:00,61.53,63.06657
2018-07-20 00:00:00,60.31,59.199806
2018-07-20 01:00:00,59.73,59.066452
2018-07-20 02:00:00,59.54,58.89823
2018-07-20 03:00:00,60.74,58.567978
2018-07-20 04:00:00,65.06,61.864563
2018-07-20 05:00:00,66.31,67.72963
2018-07-20 06:00:00,71.71,71.631004
2018-07-20 07:00:00,72.67,74.67894
2018-07-20 08:00:00,72.87,75.14837
2018-07-20 09:00:00,74.82,75.50698
2018-07-20 10:00:00,75.15,77.68064
2018-07-20 11:00:00,75.44,78.23261
2018-07-20 12:00:00,73.41,76.09177
2018-07-20 13:00:00,72.04,73.5203
2018-07-20 14:00:00,71.05,71.08593
2018-07-20 15:00:00,69.23,70.387566
2018-07-20 16:00:00,66.14,70.658264
2018-07-20 17:00:00,65.33,71.26285
2018-07-20 18:00:00,67.26,70.28538
2018-07-20 19:00:00,69.3,71.927765
2018-07-20 20:00:00,69.04,70.85532
2018-07-20 21:00:00,67.83,67.76761
2018-07-20 22:00:00,65.78,64.589455
2018-07-20 23:00:00,63.69,63.019897
2018-07-21 00:00:00,61.49,58.62363
2018-07-21 01:00:00,61.7,61.008232
2018-07-21 02:00:00,61.64,58.168743
2018-07-21 03:00:00,61.86,58.681267
2018-07-21 04:00:00,63.63,59.780704
2018-07-21 05:00:00,63.89,61.61791
2018-07-21 06:00:00,66.23,65.67062
2018-07-21 07:00:00,68.5,66.87133
2018-07-21 08:00:00,69.44,67.47657
2018-07-21 09:00:00,69.66,67.616455
2018-07-21 10:00:00,69.72,67.97996
2018-07-21 11:00:00,70.06,68.94572
2018-07-21 12:00:00,69.57,68.03079
2018-07-21 13:00:00,67.99,66.064835
2018-07-21 14:00:00,66.8,64.396935
2018-07-21 15:00:00,65.56,64.25609
2018-07-21 16:00:00,64.44,65.3105
2018-07-21 17:00:00,65.78,67.14844
2018-07-21 18:00:00,67.59,68.13178
2018-07-21 19:00:00,68.37,69.36665
2018-07-21 20:00:00,69.7,69.42653
2018-07-21 21:00:00,68.76,65.920105
2018-07-21 22:00:00,68.91,63.42799
2018-07-21 23:00:00,67.55,59.60887
2018-07-22 00:00:00,66.37,58.569393
2018-07-22 01:00:00,64.42,56.54894
2018-07-22 02:00:00,62.92,55.00629
2018-07-22 03:00:00,62.97,55.82562
2018-07-22 04:00:00,61.96,55.193836
2018-07-22 05:00:00,60.07,54.15599
2018-07-22 06:00:00,63.5,60.36113
2018-07-22 07:00:00,63.53,62.15506
2018-07-22 08:00:00,62.59,61.411865
2018-07-22 09:00:00,63.36,63.26755
2018-07-22 10:00:00,66.1,63.567535
2018-07-22 11:00:00,67.52,63.899254
2018-07-22 12:00:00,67.76,63.927013
2018-07-22 13:00:00,66.08,61.42209
2018-07-22 14:00:00,64.92,60.95453
2018-07-22 15:00:00,63.38,61.01327
2018-07-22 16:00:00,62.38,59.66819
2018-07-22 17:00:00,62.83,64.272
2018-07-22 18:00:00,63.87,66.06451
2018-07-22 19:00:00,67.34,69.619415
2018-07-22 20:00:00,69.19,69.929886
2018-07-22 21:00:00,67.34,68.61232
2018-07-22 22:00:00,66.39,67.37069
2018-07-22 23:00:00,62.72,62.8421
2018-07-23 00:00:00,60.13,59.669003
2018-07-23 01:00:00,58.8,59.433937
2018-07-23 02:00:00,58.35,58.941547
2018-07-23 03:00:00,58.98,60.004105
2018-07-23 04:00:00,62.46,62.69942
2018-07-23 05:00:00,66.67,68.18987
2018-07-23 06:00:00,71.47,73.28227
2018-07-23 07:00:00,72.28,73.608246
2018-07-23 08:00:00,72.21,75.05077
2018-07-23 09:00:00,74.06,75.65331
2018-07-23 10:00:00,74.84,76.286575
2018-07-23 11:00:00,75.07,77.10913
2018-07-23 12:00:00,74.53,76.25542
2018-07-23 13:00:00,73.07,74.85018
2018-07-23 14:00:00,72.92,74.602165
2018-07-23 15:00:00,71.62,75.07552
2018-07-23 16:00:00,71.51,74.73402
2018-07-23 17:00:00,70.46,75.43333
2018-07-23 18:00:00,71.55,75.7635
2018-07-23 19:00:00,72.42,75.86966
2018-07-23 20:00:00,71.66,73.206894
2018-07-23 21:00:00,71.94,69.88965
2018-07-23 22:00:00,67.9,67.71611
2018-07-23 23:00:00,66.06,65.61057
2018-07-24 00:00:00,64.09,61.246674
2018-07-24 01:00:00,61.56,58.65484
2018-07-24 02:00:00,61.67,58.084953
2018-07-24 03:00:00,62.86,60.211105
2018-07-24 04:00:00,65.49,63.194916
2018-07-24 05:00:00,66.67,68.31725
2018-07-24 06:00:00,71.75,73.13951
2018-07-24 07:00:00,73.45,75.46097
2018-07-24 08:00:00,73.86,75.87501
2018-07-24 09:00:00,75.33,76.86064
2018-07-24 10:00:00,77.3,79.14156
2018-07-24 11:00:00,77.46,79.25475
2018-07-24 12:00:00,75.79,78.3021
2018-07-24 13:00:00,76.79,76.14499
2018-07-24 14:00:00,74.66,75.10279
2018-07-24 15:00:00,74.92,75.23809
2018-07-24 16:00:00,74.01,73.89133
2018-07-24 17:00:00,71.72,75.07899
2018-07-24 18:00:00,70.76,73.82941
2018-07-24 19:00:00,71.76,74.66088
2018-07-24 20:00:00,70.88,72.52454
2018-07-24 21:00:00,69.11,68.62538
2018-07-24 22:00:00,67.36,66.67563
2018-07-24 23:00:00,65.68,63.74759
2018-07-25 00:00:00,63.35,59.05564
2018-07-25 01:00:00,61.28,57.271194
2018-07-25 02:00:00,60.91,57.91543
2018-07-25 03:00:00,61.55,60.014744
2018-07-25 04:00:00,65.58,62.508812
2018-07-25 05:00:00,67.22,66.72469
2018-07-25 06:00:00,71.09,71.0962
2018-07-25 07:00:00,72.82,74.1337
2018-07-25 08:00:00,73.42,76.474144
2018-07-25 09:00:00,75.84,76.828606
2018-07-25 10:00:00,77.07,77.85572
2018-07-25 11:00:00,76.79,79.2218
2018-07-25 12:00:00,76.09,77.75001
2018-07-25 13:00:00,74.6,75.862305
2018-07-25 14:00:00,74.43,75.30758
2018-07-25 15:00:00,74.42,75.05042
2018-07-25 16:00:00,73.42,74.91796
2018-07-25 17:00:00,72.95,75.935905
2018-07-25 18:00:00,71.63,75.03146
2018-07-25 19:00:00,72.64,75.30436
2018-07-25 20:00:00,72.44,73.87316
2018-07-25 21:00:00,71.09,71.233116
2018-07-25 22:00:00,69.27,68.33758
2018-07-25 23:00:00,67.72,67.29015
2018-07-26 00:00:00,66.72,62.40903
2018-07-26 01:00:00,65.32,61.16479
2018-07-26 02:00:00,65.4,61.48411
2018-07-26 03:00:00,66.14,61.628666
2018-07-26 04:00:00,67.71,63.799244
2018-07-26 05:00:00,68.0,68.849976
2018-07-26 06:00:00,72.63,73.13806
2018-07-26 07:00:00,73.78,75.32588
2018-07-26 08:00:00,74.37,76.10248
2018-07-26 09:00:00,77.01,76.66718
2018-07-26 10:00:00,77.73,78.57635
2018-07-26 11:00:00,78.08,79.322365
2018-07-26 12:00:00,76.79,78.178215
2018-07-26 13:00:00,75.37,76.00898
2018-07-26 14:00:00,75.02,75.14594
2018-07-26 15:00:00,75.1,74.9411
2018-07-26 16:00:00,74.97,74.780655
2018-07-26 17:00:00,75.84,75.95853
2018-07-26 18:00:00,72.91,75.42303
2018-07-26 19:00:00,71.91,75.539955
2018-07-26 20:00:00,72.42,73.32669
2018-07-26 21:00:00,69.93,71.67692
2018-07-26 22:00:00,69.4,68.983
2018-07-26 23:00:00,68.08,68.39277
2018-07-27 00:00:00,66.42,63.136112
2018-07-27 01:00:00,65.51,62.26713
2018-07-27 02:00:00,65.88,62.99139
2018-07-27 03:00:00,66.88,62.90455
2018-07-27 04:00:00,69.07,66.77406
2018-07-27 05:00:00,69.44,69.34896
2018-07-27 06:00:00,73.42,74.29632
2018-07-27 07:00:00,74.93,76.50893
2018-07-27 08:00:00,75.07,77.53891
2018-07-27 09:00:00,76.72,78.40082
2018-07-27 10:00:00,76.27,80.618324
2018-07-27 11:00:00,76.79,80.98717
2018-07-27 12:00:00,74.8,80.25124
2018-07-27 13:00:00,73.12,76.3543
2018-07-27 14:00:00,72.02,74.88299
2018-07-27 15:00:00,71.68,73.64784
2018-07-27 16:00:00,70.74,73.90392
2018-07-27 17:00:00,69.18,74.621506
2018-07-27 18:00:00,68.42,73.23675
2018-07-27 19:00:00,68.36,72.87263
2018-07-27 20:00:00,68.16,72.32204
2018-07-27 21:00:00,64.2,71.38292
2018-07-27 22:00:00,68.19,68.96764
2018-07-27 23:00:00,67.75,65.93039
2018-07-28 00:00:00,66.68,63.844955
2018-07-28 01:00:00,65.61,62.90736
2018-07-28 02:00:00,65.6,62.433624
2018-07-28 03:00:00,65.54,61.82995
2018-07-28 04:00:00,65.99,62.27468
2018-07-28 05:00:00,65.59,62.801373
2018-07-28 06:00:00,67.67,66.77742
2018-07-28 07:00:00,68.94,70.48849
2018-07-28 08:00:00,69.92,71.81343
2018-07-28 09:00:00,70.75,71.95296
2018-07-28 10:00:00,70.84,73.34533
2018-07-28 11:00:00,71.51,73.19799
2018-07-28 12:00:00,69.9,73.02695
2018-07-28 13:00:00,69.31,70.09713
2018-07-28 14:00:00,68.62,68.79489
2018-07-28 15:00:00,67.39,68.15593
2018-07-28 16:00:00,67.59,67.445496
2018-07-28 17:00:00,67.34,70.133224
2018-07-28 18:00:00,69.61,70.712685
2018-07-28 19:00:00,71.8,71.51215
2018-07-28 20:00:00,72.22,71.57683
2018-07-28 21:00:00,70.86,70.51776
2018-07-28 22:00:00,70.92,67.95285
2018-07-28 23:00:00,69.18,66.49787
2018-07-29 00:00:00,66.68,61.07254
2018-07-29 01:00:00,67.6,57.683304
2018-07-29 02:00:00,66.63,57.46968
2018-07-29 03:00:00,65.25,57.271416
2018-07-29 04:00:00,63.72,57.305363
2018-07-29 05:00:00,62.43,57.622074
2018-07-29 06:00:00,62.9,63.930183
2018-07-29 07:00:00,61.87,65.66981
2018-07-29 08:00:00,62.93,67.059456
2018-07-29 09:00:00,64.27,67.554886
2018-07-29 10:00:00,64.35,68.61735
2018-07-29 11:00:00,66.51,67.37479
2018-07-29 12:00:00,66.66,67.53775
2018-07-29 13:00:00,63.25,65.70711
2018-07-29 14:00:00,59.59,63.344204
2018-07-29 15:00:00,59.41,61.78879
2018-07-29 16:00:00,58.31,63.326942
2018-07-29 17:00:00,61.83,66.138405
2018-07-29 18:00:00,64.3,66.65931
2018-07-29 19:00:00,69.83,69.30862
2018-07-29 20:00:00,71.91,69.69176
2018-07-29 21:00:00,69.38,68.64234
2018-07-29 22:00:00,66.5,66.14042
2018-07-29 23:00:00,65.18,62.19001
2018-07-30 00:00:00,62.72,57.491272
2018-07-30 01:00:00,61.08,57.00714
2018-07-30 02:00:00,60.93,56.9267
2018-07-30 03:00:00,62.49,57.56009
2018-07-30 04:00:00,67.31,61.350616
2018-07-30 05:00:00,68.19,66.28411
2018-07-30 06:00:00,72.61,71.62048
2018-07-30 07:00:00,75.6,72.886856
2018-07-30 08:00:00,75.61,74.50785
2018-07-30 09:00:00,78.11,75.30093
2018-07-30 10:00:00,78.03,77.29195
2018-07-30 11:00:00,78.34,78.2761
2018-07-30 12:00:00,77.93,77.4482
2018-07-30 13:00:00,74.69,75.56174
2018-07-30 14:00:00,73.99,76.06621
2018-07-30 15:00:00,74.05,76.25342
2018-07-30 16:00:00,74.1,76.62053
2018-07-30 17:00:00,71.9,77.146
2018-07-30 18:00:00,73.02,75.56336
2018-07-30 19:00:00,74.67,76.08018
2018-07-30 20:00:00,74.54,73.052444
2018-07-30 21:00:00,73.74,71.70162
2018-07-30 22:00:00,70.46,69.36936
2018-07-30 23:00:00,69.71,67.26037
2018-07-31 00:00:00,67.57,60.95103
2018-07-31 01:00:00,66.3,59.21956
2018-07-31 02:00:00,66.15,58.007957
2018-07-31 03:00:00,66.7,57.940098
2018-07-31 04:00:00,68.31,63.36402
2018-07-31 05:00:00,68.25,68.22164
2018-07-31 06:00:00,75.67,73.419205
2018-07-31 07:00:00,73.85,76.443146
2018-07-31 08:00:00,74.53,78.10388
2018-07-31 09:00:00,77.05,78.874626
2018-07-31 10:00:00,77.42,80.07849
2018-07-31 11:00:00,77.85,81.18965
2018-07-31 12:00:00,77.75,79.78705
2018-07-31 13:00:00,76.5,77.34715
2018-07-31 14:00:00,75.43,76.71386
2018-07-31 15:00:00,74.87,76.60452
2018-07-31 16:00:00,74.27,76.03395
2018-07-31 17:00:00,73.68,75.51572
2018-07-31 18:00:00,72.95,74.95977
2018-07-31 19:00:00,73.17,75.96025
2018-07-31 20:00:00,72.18,74.64922
2018-07-31 21:00:00,69.09,71.651665
2018-07-31 22:00:00,66.64,67.508354
2018-07-31 23:00:00,63.19,65.179115
2018-08-01 00:00:00,58.53,62.852737
2018-08-01 01:00:00,56.94,61.270626
2018-08-01 02:00:00,56.64,60.90406
2018-08-01 03:00:00,56.43,61.02423
2018-08-01 04:00:00,59.41,65.42237
2018-08-01 05:00:00,63.36,69.95585
2018-08-01 06:00:00,70.02,74.86424
2018-08-01 07:00:00,71.66,78.74377
2018-08-01 08:00:00,72.07,79.83831
2018-08-01 09:00:00,74.24,79.2074
2018-08-01 10:00:00,75.05,79.757614
2018-08-01 11:00:00,75.84,79.43133
2018-08-01 12:00:00,75.63,78.04615
2018-08-01 13:00:00,74.47,75.28515
2018-08-01 14:00:00,74.05,75.107506
2018-08-01 15:00:00,73.5,75.21179
2018-08-01 16:00:00,72.66,77.18198
2018-08-01 17:00:00,72.26,78.44544
2018-08-01 18:00:00,71.71,78.3821
2018-08-01 19:00:00,73.19,78.404976
2018-08-01 20:00:00,72.63,75.101166
2018-08-01 21:00:00,68.94,69.863106
2018-08-01 22:00:00,65.68,66.45364
2018-08-01 23:00:00,62.51,61.31224
2018-08-02 00:00:00,58.79,57.42843
2018-08-02 01:00:00,57.16,56.506054
2018-08-02 02:00:00,57.1,56.891712
2018-08-02 03:00:00,56.84,57.854298
2018-08-02 04:00:00,62.18,65.575066
2018-08-02 05:00:00,68.07,68.76223
2018-08-02 06:00:00,72.03,76.43987
2018-08-02 07:00:00,72.9,77.83868
2018-08-02 08:00:00,73.05,77.91
2018-08-02 09:00:00,74.71,78.183235
2018-08-02 10:00:00,76.01,78.05078
2018-08-02 11:00:00,76.99,77.99378
2018-08-02 12:00:00,76.92,77.45267
2018-08-02 13:00:00,75.79,75.88396
2018-08-02 14:00:00,75.41,75.71947
2018-08-02 15:00:00,75.46,75.979866
2018-08-02 16:00:00,75.11,77.18169
2018-08-02 17:00:00,76.64,78.81837
2018-08-02 18:00:00,75.45,78.71033
2018-08-02 19:00:00,76.84,79.4727
2018-08-02 20:00:00,76.54,78.04625
2018-08-02 21:00:00,73.94,73.41423
2018-08-02 22:00:00,72.19,66.00233
2018-08-02 23:00:00,69.58,64.92393
2018-08-03 00:00:00,67.37,58.86005
2018-08-03 01:00:00,65.6,58.70554
2018-08-03 02:00:00,65.71,58.168903
2018-08-03 03:00:00,66.33,59.7071
2018-08-03 04:00:00,69.22,64.50956
2018-08-03 05:00:00,73.07,70.04005
2018-08-03 06:00:00,76.78,77.34024
2018-08-03 07:00:00,77.6,78.579506
2018-08-03 08:00:00,77.26,80.082726
2018-08-03 09:00:00,77.38,80.36517
2018-08-03 10:00:00,77.48,79.22589
2018-08-03 11:00:00,78.48,79.1769
2018-08-03 12:00:00,77.62,78.53064
2018-08-03 13:00:00,75.88,76.893875
2018-08-03 14:00:00,74.85,76.7371
2018-08-03 15:00:00,76.45,74.89481
2018-08-03 16:00:00,76.69,75.198456
2018-08-03 17:00:00,76.41,77.34363
2018-08-03 18:00:00,76.71,78.55656
2018-08-03 19:00:00,77.5,79.049934
2018-08-03 20:00:00,74.41,76.5895
2018-08-03 21:00:00,71.81,74.27693
2018-08-03 22:00:00,74.0,68.37708
2018-08-03 23:00:00,71.2,67.729225
2018-08-04 00:00:00,69.35,61.932777
2018-08-04 01:00:00,68.48,61.4447
2018-08-04 02:00:00,67.84,60.739426
2018-08-04 03:00:00,67.71,60.288437
2018-08-04 04:00:00,66.22,59.46642
2018-08-04 05:00:00,66.1,60.820984
2018-08-04 06:00:00,68.33,67.59234
2018-08-04 07:00:00,70.87,71.01857
2018-08-04 08:00:00,71.78,72.64728
2018-08-04 09:00:00,73.94,73.84753
2018-08-04 10:00:00,73.86,73.7742
2018-08-04 11:00:00,75.64,73.59768
2018-08-04 12:00:00,75.58,72.791374
2018-08-04 13:00:00,72.27,72.11659
2018-08-04 14:00:00,70.64,70.66454
2018-08-04 15:00:00,69.84,70.62348
2018-08-04 16:00:00,69.79,71.236305
2018-08-04 17:00:00,69.19,72.12722
2018-08-04 18:00:00,70.4,73.0495
2018-08-04 19:00:00,72.12,75.144264
2018-08-04 20:00:00,72.46,74.88997
2018-08-04 21:00:00,70.93,71.67131
2018-08-04 22:00:00,70.37,70.05556
2018-08-04 23:00:00,68.37,69.47279
2018-08-05 00:00:00,66.74,63.058987
2018-08-05 01:00:00,63.72,61.883827
2018-08-05 02:00:00,63.5,60.988373
2018-08-05 03:00:00,63.24,60.768497
2018-08-05 04:00:00,63.22,63.045254
2018-08-05 05:00:00,60.85,65.30015
2018-08-05 06:00:00,63.37,68.51555
2018-08-05 07:00:00,66.51,69.479744
2018-08-05 08:00:00,68.21,70.559425
2018-08-05 09:00:00,70.6,71.86421
2018-08-05 10:00:00,72.11,72.03386
2018-08-05 11:00:00,74.06,72.35918
2018-08-05 12:00:00,74.39,72.12716
2018-08-05 13:00:00,72.45,69.00062
2018-08-05 14:00:00,71.46,66.820435
2018-08-05 15:00:00,70.89,66.86279
2018-08-05 16:00:00,71.19,68.61697
2018-08-05 17:00:00,71.86,70.77061
2018-08-05 18:00:00,73.25,72.67349
2018-08-05 19:00:00,77.69,75.30406
2018-08-05 20:00:00,78.36,74.1092
2018-08-05 21:00:00,76.13,72.55856
2018-08-05 22:00:00,70.9,69.07252
2018-08-05 23:00:00,68.38,68.19278
2018-08-06 00:00:00,66.33,66.222694
2018-08-06 01:00:00,65.31,65.65371
2018-08-06 02:00:00,64.34,65.7416
2018-08-06 03:00:00,66.23,65.7416
2018-08-06 04:00:00,68.66,67.10486
2018-08-06 05:00:00,70.54,71.26474
2018-08-06 06:00:00,73.76,75.86531
2018-08-06 07:00:00,75.64,77.88975
2018-08-06 08:00:00,76.21,78.385284
2018-08-06 09:00:00,77.23,78.734566
2018-08-06 10:00:00,77.42,80.75947
2018-08-06 11:00:00,77.5,80.38803
2018-08-06 12:00:00,77.3,79.32804
2018-08-06 13:00:00,76.26,76.774414
2018-08-06 14:00:00,75.87,76.04943
2018-08-06 15:00:00,77.24,76.76164
2018-08-06 16:00:00,81.19,76.869934
2018-08-06 17:00:00,81.03,76.28775
2018-08-06 18:00:00,81.59,77.29514
2018-08-06 19:00:00,82.59,77.81934
2018-08-06 20:00:00,78.88,76.55362
2018-08-06 21:00:00,73.3,72.63826
2018-08-06 22:00:00,67.17,68.77212
2018-08-06 23:00:00,64.44,67.813835
2018-08-07 00:00:00,60.13,64.41751
2018-08-07 01:00:00,59.21,63.526577
2018-08-07 02:00:00,58.7,60.989285
2018-08-07 03:00:00,58.79,60.7382
2018-08-07 04:00:00,62.83,59.490765
2018-08-07 05:00:00,68.97,62.127724
2018-08-07 06:00:00,73.25,72.560875
2018-08-07 07:00:00,76.36,77.50426
2018-08-07 08:00:00,75.0,78.11296
2018-08-07 09:00:00,74.75,78.483086
2018-08-07 10:00:00,73.69,76.937904
2018-08-07 11:00:00,73.98,77.03372
2018-08-07 12:00:00,73.17,76.1643
2018-08-07 13:00:00,73.38,74.731544
2018-08-07 14:00:00,73.33,74.514244
2018-08-07 15:00:00,75.48,73.91819
2018-08-07 16:00:00,75.14,72.75045
2018-08-07 17:00:00,74.2,73.14089
2018-08-07 18:00:00,74.22,73.60372
2018-08-07 19:00:00,75.17,74.77247
2018-08-07 20:00:00,74.12,73.466545
2018-08-07 21:00:00,68.43,71.01423
2018-08-07 22:00:00,68.97,67.98478
2018-08-07 23:00:00,67.31,65.96483
2018-08-08 00:00:00,64.71,59.494995
2018-08-08 01:00:00,63.05,57.818596
2018-08-08 02:00:00,62.92,57.7008
2018-08-08 03:00:00,64.72,58.876125
2018-08-08 04:00:00,67.46,64.332306
2018-08-08 05:00:00,68.37,68.14792
2018-08-08 06:00:00,74.12,73.07371
2018-08-08 07:00:00,75.61,74.86861
2018-08-08 08:00:00,75.64,75.91759
2018-08-08 09:00:00,75.49,76.10421
2018-08-08 10:00:00,76.43,77.376656
2018-08-08 11:00:00,76.4,77.771736
2018-08-08 12:00:00,76.36,77.15145
2018-08-08 13:00:00,71.89,75.45014
2018-08-08 14:00:00,71.0,73.3825
2018-08-08 15:00:00,69.7,71.40172
2018-08-08 16:00:00,70.59,69.961845
2018-08-08 17:00:00,70.84,70.56832
2018-08-08 18:00:00,72.36,70.68848
2018-08-08 19:00:00,75.87,72.48361
2018-08-08 20:00:00,75.57,69.571266
2018-08-08 21:00:00,70.82,67.32176
2018-08-08 22:00:00,67.32,65.2958
2018-08-08 23:00:00,64.72,65.32947
2018-08-09 00:00:00,59.75,57.852287
2018-08-09 01:00:00,59.54,56.31972
2018-08-09 02:00:00,57.77,56.40519
2018-08-09 03:00:00,59.88,55.14229
2018-08-09 04:00:00,63.55,59.1275
2018-08-09 05:00:00,66.01,63.061756
2018-08-09 06:00:00,70.68,68.1808
2018-08-09 07:00:00,71.72,72.8692
2018-08-09 08:00:00,71.43,73.16667
2018-08-09 09:00:00,72.36,72.78946
2018-08-09 10:00:00,73.62,73.70737
2018-08-09 11:00:00,74.08,73.30937
2018-08-09 12:00:00,73.19,72.8863
2018-08-09 13:00:00,72.02,71.52428
2018-08-09 14:00:00,72.54,70.38097
2018-08-09 15:00:00,70.29,71.39084
2018-08-09 16:00:00,69.23,72.187164
2018-08-09 17:00:00,69.45,72.07151
2018-08-09 18:00:00,71.77,72.24547
2018-08-09 19:00:00,73.66,72.686195
2018-08-09 20:00:00,73.36,72.075905
2018-08-09 21:00:00,70.99,69.68179
2018-08-09 22:00:00,64.92,63.26687
2018-08-09 23:00:00,61.64,61.653736
2018-08-10 00:00:00,58.81,56.149567
2018-08-10 01:00:00,57.57,55.92484
2018-08-10 02:00:00,57.14,55.84744
2018-08-10 03:00:00,57.52,55.8996
2018-08-10 04:00:00,59.81,64.061455
2018-08-10 05:00:00,62.62,66.598335
2018-08-10 06:00:00,68.3,69.9934
2018-08-10 07:00:00,71.56,70.2512
2018-08-10 08:00:00,72.76,70.642845
2018-08-10 09:00:00,74.15,70.19577
2018-08-10 10:00:00,76.11,71.522964
2018-08-10 11:00:00,76.82,70.25644
2018-08-10 12:00:00,76.16,69.460266
2018-08-10 13:00:00,73.04,68.276634
2018-08-10 14:00:00,72.9,68.917496
2018-08-10 15:00:00,72.24,70.59603
2018-08-10 16:00:00,71.21,71.788086
2018-08-10 17:00:00,70.55,72.9447
2018-08-10 18:00:00,71.11,73.42264
2018-08-10 19:00:00,72.5,73.68622
2018-08-10 20:00:00,72.29,70.16198
2018-08-10 21:00:00,70.78,66.56519
2018-08-10 22:00:00,67.92,66.607864
2018-08-10 23:00:00,66.62,65.42063
2018-08-11 00:00:00,66.02,60.562576
2018-08-11 01:00:00,65.17,58.65683
2018-08-11 02:00:00,65.46,57.386547
2018-08-11 03:00:00,64.76,56.68588
2018-08-11 04:00:00,63.28,61.252647
2018-08-11 05:00:00,63.28,65.65014
2018-08-11 06:00:00,66.32,69.13603
2018-08-11 07:00:00,67.87,71.5274
2018-08-11 08:00:00,68.81,72.41
2018-08-11 09:00:00,69.37,72.65203
2018-08-11 10:00:00,70.47,72.267105
2018-08-11 11:00:00,71.16,71.021355
2018-08-11 12:00:00,71.18,68.790955
2018-08-11 13:00:00,69.5,68.87977
2018-08-11 14:00:00,69.27,68.77879
2018-08-11 15:00:00,68.99,67.87372
2018-08-11 16:00:00,67.83,70.26675
2018-08-11 17:00:00,69.14,73.97836
2018-08-11 18:00:00,70.64,74.042786
2018-08-11 19:00:00,72.43,73.43713
2018-08-11 20:00:00,73.43,69.91841
2018-08-11 21:00:00,70.74,66.039856
2018-08-11 22:00:00,69.6,62.470726
2018-08-11 23:00:00,68.18,62.425316
2018-08-12 00:00:00,68.54,56.471043
2018-08-12 01:00:00,68.84,56.85856
2018-08-12 02:00:00,68.46,55.690056
2018-08-12 03:00:00,68.6,55.180935
2018-08-12 04:00:00,68.3,55.423058
2018-08-12 05:00:00,67.14,56.38285
2018-08-12 06:00:00,65.8,61.46355
2018-08-12 07:00:00,68.14,64.93748
2018-08-12 08:00:00,66.15,67.73893
2018-08-12 09:00:00,68.48,68.96189
2018-08-12 10:00:00,68.66,69.48485
2018-08-12 11:00:00,69.0,69.02981
2018-08-12 12:00:00,66.9,70.31059
2018-08-12 13:00:00,62.92,68.08848
2018-08-12 14:00:00,58.04,67.09326
2018-08-12 15:00:00,57.54,65.19227
2018-08-12 16:00:00,57.66,66.71505
2018-08-12 17:00:00,65.42,69.26859
2018-08-12 18:00:00,69.74,67.91243
2018-08-12 19:00:00,73.96,69.23079
2018-08-12 20:00:00,75.76,70.50153
2018-08-12 21:00:00,73.88,70.22313
2018-08-12 22:00:00,68.97,66.5199
2018-08-12 23:00:00,66.96,62.13322
2018-08-13 00:00:00,64.23,60.02961
2018-08-13 01:00:00,63.65,60.226276
2018-08-13 02:00:00,62.42,60.178894
2018-08-13 03:00:00,63.9,61.04698
2018-08-13 04:00:00,66.64,64.97185
2018-08-13 05:00:00,66.74,68.79109
2018-08-13 06:00:00,73.16,72.023094
2018-08-13 07:00:00,73.97,75.00342
2018-08-13 08:00:00,73.26,74.7633
2018-08-13 09:00:00,74.29,75.00382
2018-08-13 10:00:00,75.54,76.916046
2018-08-13 11:00:00,76.09,76.80777
2018-08-13 12:00:00,75.42,75.46606
2018-08-13 13:00:00,73.71,74.62685
2018-08-13 14:00:00,72.69,74.056175
2018-08-13 15:00:00,71.94,72.67963
2018-08-13 16:00:00,69.87,74.07446
2018-08-13 17:00:00,69.49,73.490036
2018-08-13 18:00:00,69.97,72.31625
2018-08-13 19:00:00,73.12,75.197556
2018-08-13 20:00:00,72.28,73.091484
2018-08-13 21:00:00,67.74,66.96949
2018-08-13 22:00:00,67.56,63.588413
2018-08-13 23:00:00,66.67,60.71006
2018-08-14 00:00:00,60.56,55.630455
2018-08-14 01:00:00,59.11,54.53406
2018-08-14 02:00:00,58.7,54.95893
2018-08-14 03:00:00,58.57,54.878113
2018-08-14 04:00:00,63.96,55.998947
2018-08-14 05:00:00,67.49,63.901424
2018-08-14 06:00:00,70.58,67.17864
2018-08-14 07:00:00,71.81,71.36098
2018-08-14 08:00:00,71.11,71.49421
2018-08-14 09:00:00,71.4,72.377014
2018-08-14 10:00:00,71.48,73.65873
2018-08-14 11:00:00,72.44,74.15652
2018-08-14 12:00:00,71.94,72.66992
2018-08-14 13:00:00,71.13,70.42306
2018-08-14 14:00:00,70.82,70.700386
2018-08-14 15:00:00,70.83,69.52617
2018-08-14 16:00:00,70.22,68.57557
2018-08-14 17:00:00,70.71,71.756546
2018-08-14 18:00:00,70.68,72.59124
2018-08-14 19:00:00,72.43,73.68833
2018-08-14 20:00:00,72.62,72.04779
2018-08-14 21:00:00,70.02,66.215546
2018-08-14 22:00:00,65.11,65.70794
2018-08-14 23:00:00,61.63,64.58955
2018-08-15 00:00:00,57.77,57.835625
2018-08-15 01:00:00,58.07,54.90073
2018-08-15 02:00:00,57.46,54.435375
2018-08-15 03:00:00,57.37,54.221478
2018-08-15 04:00:00,57.97,55.89341
2018-08-15 05:00:00,58.73,58.028343
2018-08-15 06:00:00,59.26,63.675602
2018-08-15 07:00:00,63.82,69.04498
2018-08-15 08:00:00,64.17,67.316574
2018-08-15 09:00:00,67.62,67.140945
2018-08-15 10:00:00,68.68,68.627975
2018-08-15 11:00:00,69.63,68.42512
2018-08-15 12:00:00,70.12,67.72316
2018-08-15 13:00:00,69.06,65.32379
2018-08-15 14:00:00,69.23,64.34398
2018-08-15 15:00:00,69.07,64.134
2018-08-15 16:00:00,67.54,63.53682
2018-08-15 17:00:00,69.32,65.75682
2018-08-15 18:00:00,72.95,66.54401
2018-08-15 19:00:00,74.79,68.17718
2018-08-15 20:00:00,75.46,67.36773
2018-08-15 21:00:00,72.2,63.96778
2018-08-15 22:00:00,69.49,63.605347
2018-08-15 23:00:00,67.37,61.608856
2018-08-16 00:00:00,65.57,58.43988
2018-08-16 01:00:00,65.23,57.221664
2018-08-16 02:00:00,64.12,58.0025
2018-08-16 03:00:00,65.55,59.678215
2018-08-16 04:00:00,68.76,61.622913
2018-08-16 05:00:00,69.32,65.24722
2018-08-16 06:00:00,73.65,70.11564
2018-08-16 07:00:00,74.43,72.81176
2018-08-16 08:00:00,74.35,73.178185
2018-08-16 09:00:00,74.67,74.27208
2018-08-16 10:00:00,74.94,74.36219
2018-08-16 11:00:00,75.14,74.95652
2018-08-16 12:00:00,74.93,73.50215
2018-08-16 13:00:00,70.93,72.47528
2018-08-16 14:00:00,70.36,72.059654
2018-08-16 15:00:00,70.48,70.43573
2018-08-16 16:00:00,74.6,71.6355
2018-08-16 17:00:00,75.18,71.66522
2018-08-16 18:00:00,75.46,71.85137
2018-08-16 19:00:00,75.57,72.797874
2018-08-16 20:00:00,75.38,69.27972
2018-08-16 21:00:00,67.79,66.73177
2018-08-16 22:00:00,67.99,63.12017
2018-08-16 23:00:00,66.5,62.959244
2018-08-17 00:00:00,60.15,56.75479
2018-08-17 01:00:00,58.74,55.105183
2018-08-17 02:00:00,57.28,55.276966
2018-08-17 03:00:00,57.09,55.094234
2018-08-17 04:00:00,62.6,60.379414
2018-08-17 05:00:00,68.57,65.50506
2018-08-17 06:00:00,70.85,70.153625
2018-08-17 07:00:00,70.91,72.67702
2018-08-17 08:00:00,69.94,72.404594
2018-08-17 09:00:00,70.21,71.32198
2018-08-17 10:00:00,70.38,72.254906
2018-08-17 11:00:00,71.69,72.01983
2018-08-17 12:00:00,71.88,69.25788
2018-08-17 13:00:00,69.97,68.46227
2018-08-17 14:00:00,70.03,68.23734
2018-08-17 15:00:00,70.45,67.34387
2018-08-17 16:00:00,71.26,69.988144
2018-08-17 17:00:00,71.06,71.50149
2018-08-17 18:00:00,71.01,70.92195
2018-08-17 19:00:00,70.65,72.63928
2018-08-17 20:00:00,70.79,68.972336
2018-08-17 21:00:00,62.31,63.749607
2018-08-17 22:00:00,62.97,60.420574
2018-08-17 23:00:00,60.56,59.236267
2018-08-18 00:00:00,54.82,55.16219
2018-08-18 01:00:00,53.48,55.15318
2018-08-18 02:00:00,53.42,52.421104
2018-08-18 03:00:00,53.29,53.598133
2018-08-18 04:00:00,54.53,52.32725
2018-08-18 05:00:00,55.81,54.584064
2018-08-18 06:00:00,60.47,57.15966
2018-08-18 07:00:00,62.82,61.034733
2018-08-18 08:00:00,59.82,60.605743
2018-08-18 09:00:00,60.73,61.202183
2018-08-18 10:00:00,64.19,61.890827
2018-08-18 11:00:00,68.08,63.5398
2018-08-18 12:00:00,70.08,63.8467
2018-08-18 13:00:00,67.5,62.789524
2018-08-18 14:00:00,67.2,61.754837
2018-08-18 15:00:00,66.69,61.620617
2018-08-18 16:00:00,67.53,62.68489
2018-08-18 17:00:00,69.5,66.98229
2018-08-18 18:00:00,70.64,67.64363
2018-08-18 19:00:00,71.57,68.2084
2018-08-18 20:00:00,71.17,67.34121
2018-08-18 21:00:00,67.98,62.650196
2018-08-18 22:00:00,61.98,59.47496
2018-08-18 23:00:00,61.36,56.869884
2018-08-19 00:00:00,58.12,54.13009
2018-08-19 01:00:00,56.79,55.025894
2018-08-19 02:00:00,56.69,54.30451
2018-08-19 03:00:00,56.17,54.260887
2018-08-19 04:00:00,56.31,52.32098
2018-08-19 05:00:00,56.43,54.150784
2018-08-19 06:00:00,56.91,57.75269
2018-08-19 07:00:00,57.77,60.2571
2018-08-19 08:00:00,62.11,59.617046
2018-08-19 09:00:00,61.46,60.423397
2018-08-19 10:00:00,66.66,61.559414
2018-08-19 11:00:00,68.25,64.666405
2018-08-19 12:00:00,69.01,64.88987
2018-08-19 13:00:00,67.8,63.358
2018-08-19 14:00:00,66.9,62.623146
2018-08-19 15:00:00,63.82,62.777584
2018-08-19 16:00:00,63.41,63.44981
2018-08-19 17:00:00,68.0,66.63933
2018-08-19 18:00:00,72.71,67.6694
2018-08-19 19:00:00,73.1,69.76267
2018-08-19 20:00:00,73.66,69.30162
2018-08-19 21:00:00,68.82,66.88167
2018-08-19 22:00:00,66.71,62.6245
2018-08-19 23:00:00,61.09,60.812363
2018-08-20 00:00:00,58.99,56.22055
2018-08-20 01:00:00,59.68,55.986195
2018-08-20 02:00:00,57.25,56.32533
2018-08-20 03:00:00,57.83,57.207348
2018-08-20 04:00:00,61.71,62.69482
2018-08-20 05:00:00,67.52,67.54629
2018-08-20 06:00:00,70.43,70.653984
2018-08-20 07:00:00,71.06,73.05304
2018-08-20 08:00:00,71.56,75.898766
2018-08-20 09:00:00,73.82,76.11395
2018-08-20 10:00:00,74.11,77.61859
2018-08-20 11:00:00,75.11,78.51974
2018-08-20 12:00:00,75.3,76.81189
2018-08-20 13:00:00,74.18,74.97372
2018-08-20 14:00:00,73.24,74.925
2018-08-20 15:00:00,73.32,73.17047
2018-08-20 16:00:00,72.05,74.23791
2018-08-20 17:00:00,72.95,75.65886
2018-08-20 18:00:00,73.1,75.39629
2018-08-20 19:00:00,75.06,75.33031
2018-08-20 20:00:00,74.12,73.30182
2018-08-20 21:00:00,70.09,70.50771
2018-08-20 22:00:00,63.93,66.241
2018-08-20 23:00:00,60.69,64.184654
2018-08-21 00:00:00,59.47,56.947422
2018-08-21 01:00:00,58.15,56.39943
2018-08-21 02:00:00,58.54,57.79087
2018-08-21 03:00:00,58.55,59.323296
2018-08-21 04:00:00,68.72,65.634384
2018-08-21 05:00:00,71.17,67.57742
2018-08-21 06:00:00,74.11,71.742355
2018-08-21 07:00:00,77.84,74.76469
2018-08-21 08:00:00,77.99,74.69019
2018-08-21 09:00:00,78.57,76.26267
2018-08-21 10:00:00,78.54,76.899284
2018-08-21 11:00:00,79.25,77.02243
2018-08-21 12:00:00,78.26,76.413635
2018-08-21 13:00:00,76.1,74.919785
2018-08-21 14:00:00,75.83,74.916405
2018-08-21 15:00:00,77.67,74.93712
2018-08-21 16:00:00,77.6,74.0058
2018-08-21 17:00:00,76.75,74.54301
2018-08-21 18:00:00,78.08,73.98582
2018-08-21 19:00:00,79.19,75.58209
2018-08-21 20:00:00,76.29,73.72328
2018-08-21 21:00:00,68.46,69.48664
2018-08-21 22:00:00,67.98,67.809105
2018-08-21 23:00:00,66.47,66.30051
2018-08-22 00:00:00,64.73,62.33597
2018-08-22 01:00:00,63.76,59.10208
2018-08-22 02:00:00,63.71,59.190075
2018-08-22 03:00:00,65.05,60.70978
2018-08-22 04:00:00,71.79,65.174965
2018-08-22 05:00:00,75.16,68.76648
2018-08-22 06:00:00,78.32,74.69964
2018-08-22 07:00:00,81.08,76.14803
2018-08-22 08:00:00,79.74,76.420494
2018-08-22 09:00:00,80.19,78.46407
2018-08-22 10:00:00,81.44,79.1457
2018-08-22 11:00:00,80.92,80.15329
2018-08-22 12:00:00,78.95,79.794586
2018-08-22 13:00:00,78.8,78.17572
2018-08-22 14:00:00,77.39,77.49631
2018-08-22 15:00:00,77.33,76.93825
2018-08-22 16:00:00,76.8,76.687256
2018-08-22 17:00:00,76.57,76.24923
2018-08-22 18:00:00,78.4,75.39316
2018-08-22 19:00:00,79.71,77.85335
2018-08-22 20:00:00,78.43,76.02946
2018-08-22 21:00:00,72.22,73.27129
2018-08-22 22:00:00,71.24,71.63482
2018-08-22 23:00:00,67.1,70.60563
2018-08-23 00:00:00,64.5,67.83507
2018-08-23 01:00:00,63.88,65.45472
2018-08-23 02:00:00,63.19,62.03249
2018-08-23 03:00:00,64.58,62.782455
2018-08-23 04:00:00,70.07,69.39811
2018-08-23 05:00:00,72.82,71.12344
2018-08-23 06:00:00,75.37,76.99221
2018-08-23 07:00:00,77.6,77.13198
2018-08-23 08:00:00,79.03,77.552414
2018-08-23 09:00:00,78.53,79.23991
2018-08-23 10:00:00,77.97,79.18724
2018-08-23 11:00:00,76.94,78.821594
2018-08-23 12:00:00,76.58,78.35912
2018-08-23 13:00:00,72.92,77.0727
2018-08-23 14:00:00,73.65,76.28321
2018-08-23 15:00:00,75.41,75.5437
2018-08-23 16:00:00,76.09,74.849724
2018-08-23 17:00:00,76.11,73.91208
2018-08-23 18:00:00,76.09,74.08212
2018-08-23 19:00:00,77.89,76.33123
2018-08-23 20:00:00,75.38,73.70121
2018-08-23 21:00:00,69.13,70.587875
2018-08-23 22:00:00,70.08,65.288765
2018-08-23 23:00:00,66.16,64.56396
2018-08-24 00:00:00,63.92,57.29699
2018-08-24 01:00:00,62.24,56.513317
2018-08-24 02:00:00,60.59,56.432884
2018-08-24 03:00:00,60.35,56.478374
2018-08-24 04:00:00,66.43,59.94727
2018-08-24 05:00:00,70.36,67.00504
2018-08-24 06:00:00,74.04,72.634315
2018-08-24 07:00:00,75.8,74.75272
2018-08-24 08:00:00,75.47,74.90219
2018-08-24 09:00:00,75.1,76.90241
2018-08-24 10:00:00,74.88,75.97422
2018-08-24 11:00:00,75.33,76.50818
2018-08-24 12:00:00,75.09,76.08599
2018-08-24 13:00:00,70.87,74.12332
2018-08-24 14:00:00,70.47,73.21787
2018-08-24 15:00:00,68.58,72.79233
2018-08-24 16:00:00,70.0,72.95799
2018-08-24 17:00:00,74.04,73.61411
2018-08-24 18:00:00,73.8,73.52257
2018-08-24 19:00:00,73.44,74.747574
2018-08-24 20:00:00,72.4,73.47035
2018-08-24 21:00:00,69.92,68.142815
2018-08-24 22:00:00,69.74,64.67253
2018-08-24 23:00:00,67.36,64.26348
2018-08-25 00:00:00,66.06,57.22118
2018-08-25 01:00:00,64.91,56.806854
2018-08-25 02:00:00,64.31,56.387596
2018-08-25 03:00:00,63.73,56.080334
2018-08-25 04:00:00,64.62,57.125298
2018-08-25 05:00:00,64.55,59.805157
2018-08-25 06:00:00,64.77,64.59718
2018-08-25 07:00:00,67.43,67.814766
2018-08-25 08:00:00,66.87,70.08154
2018-08-25 09:00:00,68.12,69.366005
2018-08-25 10:00:00,70.34,70.42909
2018-08-25 11:00:00,71.32,70.23012
2018-08-25 12:00:00,71.4,68.66831
2018-08-25 13:00:00,69.47,66.45628
2018-08-25 14:00:00,66.85,64.74594
2018-08-25 15:00:00,64.93,65.12233
2018-08-25 16:00:00,69.83,66.36349
2018-08-25 17:00:00,71.78,69.12503
2018-08-25 18:00:00,73.55,71.27179
2018-08-25 19:00:00,73.41,72.74136
2018-08-25 20:00:00,72.93,71.72794
2018-08-25 21:00:00,71.81,67.718315
2018-08-25 22:00:00,71.57,64.74583
2018-08-25 23:00:00,71.0,63.490273
2018-08-26 00:00:00,67.39,58.51142
2018-08-26 01:00:00,67.74,58.861973
2018-08-26 02:00:00,65.92,58.251102
2018-08-26 03:00:00,66.28,57.10204
2018-08-26 04:00:00,67.4,56.278553
2018-08-26 05:00:00,67.33,58.160458
2018-08-26 06:00:00,66.47,62.977535
2018-08-26 07:00:00,69.09,65.390686
2018-08-26 08:00:00,68.22,66.76871
2018-08-26 09:00:00,70.13,67.238205
2018-08-26 10:00:00,70.38,68.46269
2018-08-26 11:00:00,72.14,69.00412
2018-08-26 12:00:00,72.54,70.04399
2018-08-26 13:00:00,70.04,66.782745
2018-08-26 14:00:00,69.55,66.33563
2018-08-26 15:00:00,69.5,65.70517
2018-08-26 16:00:00,68.48,68.014114
2018-08-26 17:00:00,73.86,72.055984
2018-08-26 18:00:00,75.81,72.83736
2018-08-26 19:00:00,79.82,74.236595
2018-08-26 20:00:00,79.77,74.36808
2018-08-26 21:00:00,75.61,72.47032
2018-08-26 22:00:00,70.79,70.43947
2018-08-26 23:00:00,69.16,67.26659
2018-08-27 00:00:00,65.39,61.91893
2018-08-27 01:00:00,61.84,59.81637
2018-08-27 02:00:00,60.82,58.73347
2018-08-27 03:00:00,61.03,59.329006
2018-08-27 04:00:00,65.19,66.10087
2018-08-27 05:00:00,69.09,69.396095
2018-08-27 06:00:00,74.03,75.61896
2018-08-27 07:00:00,74.67,77.38424
2018-08-27 08:00:00,75.16,78.74027
2018-08-27 09:00:00,74.25,79.48552
2018-08-27 10:00:00,75.06,79.51174
2018-08-27 11:00:00,75.36,79.92192
2018-08-27 12:00:00,75.4,78.538086
2018-08-27 13:00:00,74.07,76.76511
2018-08-27 14:00:00,73.91,76.39066
2018-08-27 15:00:00,76.27,76.333855
2018-08-27 16:00:00,78.8,76.36703
2018-08-27 17:00:00,80.19,78.322945
2018-08-27 18:00:00,80.45,78.57418
2018-08-27 19:00:00,81.21,78.54114
2018-08-27 20:00:00,80.76,75.71881
2018-08-27 21:00:00,73.84,72.540245
2018-08-27 22:00:00,69.4,67.986534
2018-08-27 23:00:00,66.01,64.30265
2018-08-28 00:00:00,63.79,56.26588
2018-08-28 01:00:00,62.19,54.04298
2018-08-28 02:00:00,61.16,52.57576
2018-08-28 03:00:00,61.8,54.5801
2018-08-28 04:00:00,68.36,62.726795
2018-08-28 05:00:00,74.32,69.17985
2018-08-28 06:00:00,77.25,74.12913
2018-08-28 07:00:00,78.3,77.06727
2018-08-28 08:00:00,78.67,78.06847
2018-08-28 09:00:00,78.08,79.12051
2018-08-28 10:00:00,76.94,78.92531
2018-08-28 11:00:00,74.85,79.54419
2018-08-28 12:00:00,74.5,78.78936
2018-08-28 13:00:00,73.63,77.0848
2018-08-28 14:00:00,75.09,76.95784
2018-08-28 15:00:00,76.46,76.83717
2018-08-28 16:00:00,77.11,76.16627
2018-08-28 17:00:00,77.42,76.73981
2018-08-28 18:00:00,81.01,77.637726
2018-08-28 19:00:00,83.32,78.586334
2018-08-28 20:00:00,77.78,76.24558
2018-08-28 21:00:00,73.81,73.46107
2018-08-28 22:00:00,74.21,69.00798
2018-08-28 23:00:00,71.61,66.55889
2018-08-29 00:00:00,70.48,62.673504
2018-08-29 01:00:00,68.31,60.405453
2018-08-29 02:00:00,68.01,56.92043
2018-08-29 03:00:00,68.03,58.650826
2018-08-29 04:00:00,70.32,63.67322
2018-08-29 05:00:00,75.88,70.48003
2018-08-29 06:00:00,79.08,76.27488
2018-08-29 07:00:00,83.12,78.66958
2018-08-29 08:00:00,81.38,80.07149
2018-08-29 09:00:00,81.88,80.55599
2018-08-29 10:00:00,82.61,81.97116
2018-08-29 11:00:00,83.06,82.36834
2018-08-29 12:00:00,82.4,79.92838
2018-08-29 13:00:00,78.51,79.08682
2018-08-29 14:00:00,77.73,79.267105
2018-08-29 15:00:00,77.46,78.914825
2018-08-29 16:00:00,78.21,78.51767
2018-08-29 17:00:00,78.22,78.4138
2018-08-29 18:00:00,78.57,78.35732
2018-08-29 19:00:00,77.37,78.76633
2018-08-29 20:00:00,75.85,77.62432
2018-08-29 21:00:00,70.53,73.14727
2018-08-29 22:00:00,69.04,66.185005
2018-08-29 23:00:00,65.59,63.26412
2018-08-30 00:00:00,63.16,57.405865
2018-08-30 01:00:00,62.46,55.89958
2018-08-30 02:00:00,61.85,55.81673
2018-08-30 03:00:00,63.04,56.656433
2018-08-30 04:00:00,68.5,64.01523
2018-08-30 05:00:00,75.8,69.93931
2018-08-30 06:00:00,79.49,76.13187
2018-08-30 07:00:00,82.4,77.458496
2018-08-30 08:00:00,81.31,79.5302
2018-08-30 09:00:00,81.39,80.02196
2018-08-30 10:00:00,81.06,80.7008
2018-08-30 11:00:00,81.9,80.90415
2018-08-30 12:00:00,80.45,79.59914
2018-08-30 13:00:00,79.62,78.41538
2018-08-30 14:00:00,78.62,78.47676
2018-08-30 15:00:00,77.76,78.3416
2018-08-30 16:00:00,79.33,78.34508
2018-08-30 17:00:00,79.7,78.24378
2018-08-30 18:00:00,79.78,77.86274
2018-08-30 19:00:00,79.92,77.74766
2018-08-30 20:00:00,77.13,75.34355
2018-08-30 21:00:00,71.43,72.953835
2018-08-30 22:00:00,68.56,67.1895
2018-08-30 23:00:00,64.87,65.14372
2018-08-31 00:00:00,62.73,57.96266
2018-08-31 01:00:00,61.51,57.00646
2018-08-31 02:00:00,61.38,56.465096
2018-08-31 03:00:00,61.31,56.045612
2018-08-31 04:00:00,67.69,63.86157
2018-08-31 05:00:00,76.07,70.24339
2018-08-31 06:00:00,78.4,75.00765
2018-08-31 07:00:00,78.61,77.49441
2018-08-31 08:00:00,79.51,79.13129
2018-08-31 09:00:00,79.33,79.06789
2018-08-31 10:00:00,78.68,79.735435
2018-08-31 11:00:00,78.26,80.72971
2018-08-31 12:00:00,78.18,78.70245
2018-08-31 13:00:00,76.3,77.638435
2018-08-31 14:00:00,75.58,77.120995
2018-08-31 15:00:00,75.01,77.537155
2018-08-31 16:00:00,77.35,76.64367
2018-08-31 17:00:00,77.99,76.56823
2018-08-31 18:00:00,78.88,76.64404
2018-08-31 19:00:00,78.17,77.43793
2018-08-31 20:00:00,75.81,74.82755
2018-08-31 21:00:00,70.64,70.16223
2018-08-31 22:00:00,71.11,68.939476
2018-08-31 23:00:00,66.27,67.09041
2018-09-01 00:00:00,63.6,61.530975
2018-09-01 01:00:00,62.4,60.751778
2018-09-01 02:00:00,62.44,56.364994
2018-09-01 03:00:00,61.24,58.786236
2018-09-01 04:00:00,61.15,61.0711
2018-09-01 05:00:00,62.53,66.37963
2018-09-01 06:00:00,66.38,74.89032
2018-09-01 07:00:00,71.77,75.336555
2018-09-01 08:00:00,70.32,76.99897
2018-09-01 09:00:00,70.99,76.24077
2018-09-01 10:00:00,69.72,76.62203
2018-09-01 11:00:00,73.01,75.92202
2018-09-01 12:00:00,73.46,76.00011
2018-09-01 13:00:00,72.33,74.5794
2018-09-01 14:00:00,69.8,72.170456
2018-09-01 15:00:00,68.13,72.79243
2018-09-01 16:00:00,74.72,74.625015
2018-09-01 17:00:00,76.4,76.89725
2018-09-01 18:00:00,80.22,78.180824
2018-09-01 19:00:00,79.77,78.2554
2018-09-01 20:00:00,77.25,76.367935
2018-09-01 21:00:00,76.08,72.32339
2018-09-01 22:00:00,70.86,71.12216
2018-09-01 23:00:00,66.18,68.96626
2018-09-02 00:00:00,64.37,60.47068
2018-09-02 01:00:00,64.94,58.250626
2018-09-02 02:00:00,64.98,58.116104
2018-09-02 03:00:00,65.08,57.63273
2018-09-02 04:00:00,64.67,64.05642
2018-09-02 05:00:00,65.08,67.2888
2018-09-02 06:00:00,65.82,74.837364
2018-09-02 07:00:00,68.6,76.12466
2018-09-02 08:00:00,67.85,77.122086
2018-09-02 09:00:00,70.23,77.328926
2018-09-02 10:00:00,71.3,77.045944
2018-09-02 11:00:00,72.58,78.14173
2018-09-02 12:00:00,72.86,77.27986
2018-09-02 13:00:00,70.21,75.67166
2018-09-02 14:00:00,71.1,72.81232
2018-09-02 15:00:00,72.14,71.89471
2018-09-02 16:00:00,70.26,72.92792
2018-09-02 17:00:00,75.8,77.3843
2018-09-02 18:00:00,79.88,78.38118
2018-09-02 19:00:00,82.08,79.32622
2018-09-02 20:00:00,81.64,75.77949
2018-09-02 21:00:00,76.75,73.01737
2018-09-02 22:00:00,76.88,69.98913
2018-09-02 23:00:00,74.66,65.97189
2018-09-03 00:00:00,71.45,62.064156
2018-09-03 01:00:00,69.12,61.648148
2018-09-03 02:00:00,68.31,61.22819
2018-09-03 03:00:00,68.23,60.797012
2018-09-03 04:00:00,73.11,62.92245
2018-09-03 05:00:00,77.77,75.198135
2018-09-03 06:00:00,80.61,81.83577
2018-09-03 07:00:00,81.29,81.2533
2018-09-03 08:00:00,80.57,80.52636
2018-09-03 09:00:00,81.89,81.09214
2018-09-03 10:00:00,82.37,82.8857
2018-09-03 11:00:00,82.43,82.064766
2018-09-03 12:00:00,81.36,80.983154
2018-09-03 13:00:00,79.62,78.32794
2018-09-03 14:00:00,78.67,78.31372
2018-09-03 15:00:00,78.18,80.871475
2018-09-03 16:00:00,80.05,82.3951
2018-09-03 17:00:00,79.89,83.558876
2018-09-03 18:00:00,80.25,82.505745
2018-09-03 19:00:00,81.02,80.43587
2018-09-03 20:00:00,79.16,80.094955
2018-09-03 21:00:00,77.4,75.16613
2018-09-03 22:00:00,74.1,78.51363
2018-09-03 23:00:00,72.64,74.401886
2018-09-04 00:00:00,69.43,65.39068
2018-09-04 01:00:00,67.06,64.18516
2018-09-04 02:00:00,66.98,63.867935
2018-09-04 03:00:00,68.46,63.857243
2018-09-04 04:00:00,72.17,66.89798
2018-09-04 05:00:00,78.42,76.60174
2018-09-04 06:00:00,81.35,86.484085
2018-09-04 07:00:00,81.8,84.96871
2018-09-04 08:00:00,81.51,85.592964
2018-09-04 09:00:00,82.04,85.93734
2018-09-04 10:00:00,82.03,86.0771
2018-09-04 11:00:00,82.73,85.77462
2018-09-04 12:00:00,82.32,83.74457
2018-09-04 13:00:00,80.76,82.324875
2018-09-04 14:00:00,80.2,81.11645
2018-09-04 15:00:00,79.67,80.25245
2018-09-04 16:00:00,80.71,80.52568
2018-09-04 17:00:00,82.03,81.233475
2018-09-04 18:00:00,82.74,83.34212
2018-09-04 19:00:00,83.05,84.12132
2018-09-04 20:00:00,81.18,82.87195
2018-09-04 21:00:00,79.35,78.20378
2018-09-04 22:00:00,74.96,79.84823
2018-09-04 23:00:00,73.77,79.57178
2018-09-05 00:00:00,71.96,68.971085
2018-09-05 01:00:00,72.15,67.77694
2018-09-05 02:00:00,72.03,66.252144
2018-09-05 03:00:00,72.5,65.80725
2018-09-05 04:00:00,75.45,70.97007
2018-09-05 05:00:00,81.27,76.56089
2018-09-05 06:00:00,83.72,87.32953
2018-09-05 07:00:00,84.08,89.26357
2018-09-05 08:00:00,84.19,89.50756
2018-09-05 09:00:00,85.06,89.5508
2018-09-05 10:00:00,85.15,89.767426
2018-09-05 11:00:00,85.07,89.54248
2018-09-05 12:00:00,84.63,88.75471
2018-09-05 13:00:00,82.94,86.63696
2018-09-05 14:00:00,82.43,86.28881
2018-09-05 15:00:00,82.48,84.73748
2018-09-05 16:00:00,83.44,83.37852
2018-09-05 17:00:00,85.27,83.16361
2018-09-05 18:00:00,86.7,86.201744
2018-09-05 19:00:00,84.49,87.55809
2018-09-05 20:00:00,81.35,86.19152
2018-09-05 21:00:00,80.67,79.1505
2018-09-05 22:00:00,75.03,77.3188
2018-09-05 23:00:00,73.32,78.15325
2018-09-06 00:00:00,70.06,69.87125
2018-09-06 01:00:00,67.28,69.35811
2018-09-06 02:00:00,64.74,69.09237
2018-09-06 03:00:00,65.82,69.235214
2018-09-06 04:00:00,72.17,70.83002
2018-09-06 05:00:00,79.26,73.177185
2018-09-06 06:00:00,81.85,81.11885
2018-09-06 07:00:00,82.49,84.107155
2018-09-06 08:00:00,81.72,84.28496
2018-09-06 09:00:00,81.5,85.41379
2018-09-06 10:00:00,79.57,85.053566
2018-09-06 11:00:00,80.45,83.061226
2018-09-06 12:00:00,78.56,77.984726
2018-09-06 13:00:00,77.46,77.29385
2018-09-06 14:00:00,76.66,77.33071
2018-09-06 15:00:00,80.19,73.09606
2018-09-06 16:00:00,80.63,73.88751
2018-09-06 17:00:00,80.97,77.09491
2018-09-06 18:00:00,81.52,76.889496
2018-09-06 19:00:00,81.29,77.19785
2018-09-06 20:00:00,78.01,77.43176
2018-09-06 21:00:00,75.62,74.82758
2018-09-06 22:00:00,70.7,72.595505
2018-09-06 23:00:00,64.92,71.36086
2018-09-07 00:00:00,62.2,65.50349
2018-09-07 01:00:00,60.5,63.450985
2018-09-07 02:00:00,59.92,60.417526
2018-09-07 03:00:00,59.92,59.968243
2018-09-07 04:00:00,71.48,64.74095
2018-09-07 05:00:00,77.91,70.49383
2018-09-07 06:00:00,81.41,77.689445
2018-09-07 07:00:00,82.84,80.360016
2018-09-07 08:00:00,81.72,81.297005
2018-09-07 09:00:00,80.55,81.381546
2018-09-07 10:00:00,78.48,82.76255
2018-09-07 11:00:00,78.53,82.04414
2018-09-07 12:00:00,77.37,80.61331
2018-09-07 13:00:00,76.47,79.762566
2018-09-07 14:00:00,76.72,78.53756
2018-09-07 15:00:00,77.87,78.32074
2018-09-07 16:00:00,77.36,78.869514
2018-09-07 17:00:00,78.05,78.22678
2018-09-07 18:00:00,79.22,78.198784
2018-09-07 19:00:00,78.82,78.60974
2018-09-07 20:00:00,76.36,77.16603
2018-09-07 21:00:00,74.48,73.942955
2018-09-07 22:00:00,73.1,66.37567
2018-09-07 23:00:00,71.84,62.09
2018-09-08 00:00:00,69.22,55.213253
2018-09-08 01:00:00,66.84,54.43109
2018-09-08 02:00:00,65.37,56.0319
2018-09-08 03:00:00,65.87,56.627487
2018-09-08 04:00:00,68.46,61.802628
2018-09-08 05:00:00,69.45,66.418945
2018-09-08 06:00:00,70.65,72.914154
2018-09-08 07:00:00,74.12,74.06802
2018-09-08 08:00:00,74.59,76.38737
2018-09-08 09:00:00,76.58,76.298965
2018-09-08 10:00:00,76.5,76.677505
2018-09-08 11:00:00,76.72,77.41676
2018-09-08 12:00:00,76.63,76.83999
2018-09-08 13:00:00,75.12,75.821945
2018-09-08 14:00:00,74.76,74.4815
2018-09-08 15:00:00,74.65,74.564255
2018-09-08 16:00:00,75.38,73.69767
2018-09-08 17:00:00,77.9,73.91789
2018-09-08 18:00:00,82.5,74.730125
2018-09-08 19:00:00,85.1,77.1003
2018-09-08 20:00:00,84.38,75.81827
2018-09-08 21:00:00,81.15,71.57401
2018-09-08 22:00:00,78.88,71.287994
2018-09-08 23:00:00,76.96,69.14266
2018-09-09 00:00:00,76.28,62.604424
2018-09-09 01:00:00,75.7,61.61914
2018-09-09 02:00:00,75.48,59.542683
2018-09-09 03:00:00,75.85,60.40819
2018-09-09 04:00:00,75.8,60.387634
2018-09-09 05:00:00,75.5,60.66542
2018-09-09 06:00:00,75.95,69.29203
2018-09-09 07:00:00,76.5,72.6791
2018-09-09 08:00:00,76.73,75.1824
2018-09-09 09:00:00,77.16,77.16263
2018-09-09 10:00:00,77.0,77.205734
2018-09-09 11:00:00,77.84,76.565384
2018-09-09 12:00:00,77.93,77.70459
2018-09-09 13:00:00,75.65,75.94181
2018-09-09 14:00:00,73.85,73.248924
2018-09-09 15:00:00,74.23,71.32679
2018-09-09 16:00:00,74.47,74.87126
2018-09-09 17:00:00,78.23,79.50972
2018-09-09 18:00:00,83.49,80.17412
2018-09-09 19:00:00,83.73,81.41625
2018-09-09 20:00:00,78.92,80.301346
2018-09-09 21:00:00,77.75,79.22413
2018-09-09 22:00:00,74.18,72.9166
2018-09-09 23:00:00,71.9,70.56695
2018-09-10 00:00:00,69.19,60.297394
2018-09-10 01:00:00,67.3,59.839188
2018-09-10 02:00:00,67.52,60.08277
2018-09-10 03:00:00,67.71,60.291225
2018-09-10 04:00:00,75.21,69.15145
2018-09-10 05:00:00,80.67,73.33461
2018-09-10 06:00:00,82.96,78.83438
2018-09-10 07:00:00,83.82,80.17344
2018-09-10 08:00:00,83.08,80.17005
2018-09-10 09:00:00,83.71,81.97002
2018-09-10 10:00:00,83.69,81.44788
2018-09-10 11:00:00,84.04,80.7045
2018-09-10 12:00:00,83.62,79.0345
2018-09-10 13:00:00,80.71,77.74147
2018-09-10 14:00:00,80.27,78.40798
2018-09-10 15:00:00,80.76,77.921646
2018-09-10 16:00:00,83.24,78.82878
2018-09-10 17:00:00,85.67,80.898415
2018-09-10 18:00:00,88.36,87.60481
2018-09-10 19:00:00,84.49,87.82628
2018-09-10 20:00:00,79.52,80.45885
2018-09-10 21:00:00,77.13,75.61804
2018-09-10 22:00:00,72.93,72.128426
2018-09-10 23:00:00,70.61,68.22955
2018-09-11 00:00:00,67.96,65.90881
2018-09-11 01:00:00,66.83,63.657345
2018-09-11 02:00:00,64.5,63.845573
2018-09-11 03:00:00,66.89,63.51323
2018-09-11 04:00:00,72.3,70.049355
2018-09-11 05:00:00,76.68,72.238365
2018-09-11 06:00:00,79.94,80.86343
2018-09-11 07:00:00,80.34,80.69722
2018-09-11 08:00:00,80.2,81.829765
2018-09-11 09:00:00,80.15,81.817245
2018-09-11 10:00:00,80.66,81.465576
2018-09-11 11:00:00,80.67,80.47345
2018-09-11 12:00:00,80.78,78.691025
2018-09-11 13:00:00,79.29,78.0541
2018-09-11 14:00:00,79.49,78.68373
2018-09-11 15:00:00,79.36,79.182495
2018-09-11 16:00:00,80.37,81.02275
2018-09-11 17:00:00,81.6,81.57377
2018-09-11 18:00:00,85.84,80.3529
2018-09-11 19:00:00,83.29,79.96797
2018-09-11 20:00:00,80.46,79.679695
2018-09-11 21:00:00,78.56,76.205
2018-09-11 22:00:00,74.67,75.50283
2018-09-11 23:00:00,73.4,73.440926
2018-09-12 00:00:00,72.61,62.629898
2018-09-12 01:00:00,71.17,61.70354
2018-09-12 02:00:00,71.34,61.820827
2018-09-12 03:00:00,72.79,61.660954
2018-09-12 04:00:00,77.03,64.202484
2018-09-12 05:00:00,80.0,67.29481
2018-09-12 06:00:00,82.02,74.53337
2018-09-12 07:00:00,83.48,85.43271
2018-09-12 08:00:00,82.95,84.55619
2018-09-12 09:00:00,83.8,84.57193
2018-09-12 10:00:00,84.43,85.194664
2018-09-12 11:00:00,85.0,84.91702
2018-09-12 12:00:00,84.03,82.70213
2018-09-12 13:00:00,82.81,80.70812
2018-09-12 14:00:00,82.58,80.23442
2018-09-12 15:00:00,82.52,81.72245
2018-09-12 16:00:00,83.07,82.711136
2018-09-12 17:00:00,86.04,86.54519
2018-09-12 18:00:00,86.87,87.93621
2018-09-12 19:00:00,86.21,87.865265
2018-09-12 20:00:00,82.08,85.74277
2018-09-12 21:00:00,80.07,79.58205
2018-09-12 22:00:00,76.27,75.96847
2018-09-12 23:00:00,74.07,74.51989
2018-09-13 00:00:00,72.8,68.41703
2018-09-13 01:00:00,70.79,66.173584
2018-09-13 02:00:00,70.91,66.624756
2018-09-13 03:00:00,71.17,67.43625
2018-09-13 04:00:00,75.1,71.18464
2018-09-13 05:00:00,82.8,77.627785
2018-09-13 06:00:00,86.28,87.35887
2018-09-13 07:00:00,86.96,89.8769
2018-09-13 08:00:00,86.26,89.96598
2018-09-13 09:00:00,86.16,89.778496
2018-09-13 10:00:00,84.79,87.00032
2018-09-13 11:00:00,83.42,87.794334
2018-09-13 12:00:00,82.67,84.82182
2018-09-13 13:00:00,80.92,84.073654
2018-09-13 14:00:00,80.7,83.72618
2018-09-13 15:00:00,81.36,86.654205
2018-09-13 16:00:00,83.1,86.776146
2018-09-13 17:00:00,84.37,87.03521
2018-09-13 18:00:00,85.23,86.30117
2018-09-13 19:00:00,82.17,86.36377
2018-09-13 20:00:00,78.58,83.53903
2018-09-13 21:00:00,76.03,78.75128
2018-09-13 22:00:00,73.55,74.83723
2018-09-13 23:00:00,71.36,73.88777
2018-09-14 00:00:00,67.02,64.050316
2018-09-14 01:00:00,66.15,64.21348
2018-09-14 02:00:00,66.64,64.2253
2018-09-14 03:00:00,69.04,64.787605
2018-09-14 04:00:00,75.04,68.50285
2018-09-14 05:00:00,80.02,76.3556
2018-09-14 06:00:00,85.39,86.293655
2018-09-14 07:00:00,85.27,87.41246
2018-09-14 08:00:00,84.53,87.40114
2018-09-14 09:00:00,84.7,85.1079
2018-09-14 10:00:00,84.66,88.7953
2018-09-14 11:00:00,85.64,89.07904
2018-09-14 12:00:00,84.14,86.502
2018-09-14 13:00:00,82.28,85.59789
2018-09-14 14:00:00,81.8,85.805664
2018-09-14 15:00:00,81.57,84.4818
2018-09-14 16:00:00,81.26,83.49675
2018-09-14 17:00:00,81.47,83.02835
2018-09-14 18:00:00,81.54,82.91863
2018-09-14 19:00:00,82.11,80.48449
2018-09-14 20:00:00,78.74,78.80807
2018-09-14 21:00:00,76.32,75.11551
2018-09-14 22:00:00,74.6,74.28549
2018-09-14 23:00:00,73.79,74.06304
2018-09-15 00:00:00,72.02,65.79666
2018-09-15 01:00:00,71.29,63.71324
2018-09-15 02:00:00,71.29,62.782623
2018-09-15 03:00:00,71.04,62.9371
2018-09-15 04:00:00,72.01,66.45523
2018-09-15 05:00:00,73.15,67.921936
2018-09-15 06:00:00,72.14,72.92237
2018-09-15 07:00:00,75.17,75.12623
2018-09-15 08:00:00,76.12,77.94902
2018-09-15 09:00:00,77.1,78.90617
2018-09-15 10:00:00,77.12,79.84941
2018-09-15 11:00:00,78.29,79.7065
2018-09-15 12:00:00,77.01,77.14543
2018-09-15 13:00:00,74.68,74.93542
2018-09-15 14:00:00,73.34,70.94612
2018-09-15 15:00:00,72.51,70.847176
2018-09-15 16:00:00,73.95,72.67157
2018-09-15 17:00:00,79.01,73.87496
2018-09-15 18:00:00,82.76,75.61898
2018-09-15 19:00:00,84.01,77.07447
2018-09-15 20:00:00,79.58,76.40313
2018-09-15 21:00:00,79.52,74.62708
2018-09-15 22:00:00,77.86,71.00022
2018-09-15 23:00:00,75.97,69.013504
2018-09-16 00:00:00,75.56,60.88482
2018-09-16 01:00:00,75.74,59.8227
2018-09-16 02:00:00,74.65,58.77546
2018-09-16 03:00:00,74.67,57.997
2018-09-16 04:00:00,75.1,59.590183
2018-09-16 05:00:00,75.12,60.4593
2018-09-16 06:00:00,75.45,66.57233
2018-09-16 07:00:00,76.21,72.424355
2018-09-16 08:00:00,75.74,73.64883
2018-09-16 09:00:00,75.48,74.74759
2018-09-16 10:00:00,75.1,75.39991
2018-09-16 11:00:00,76.34,76.6101
2018-09-16 12:00:00,76.52,76.151825
2018-09-16 13:00:00,74.68,74.17914
2018-09-16 14:00:00,72.93,72.69783
2018-09-16 15:00:00,73.38,72.21999
2018-09-16 16:00:00,68.8,73.53945
2018-09-16 17:00:00,75.98,75.437004
2018-09-16 18:00:00,81.77,76.47573
2018-09-16 19:00:00,84.8,78.49528
2018-09-16 20:00:00,82.42,77.49841
2018-09-16 21:00:00,79.51,75.09736
2018-09-16 22:00:00,71.81,70.3076
2018-09-16 23:00:00,70.13,66.35067
2018-09-17 00:00:00,69.39,59.556507
2018-09-17 01:00:00,67.37,57.8101
2018-09-17 02:00:00,66.82,57.921318
2018-09-17 03:00:00,66.7,57.935787
2018-09-17 04:00:00,73.51,65.031006
2018-09-17 05:00:00,79.16,72.221664
2018-09-17 06:00:00,81.31,77.70765
2018-09-17 07:00:00,81.57,78.46688
2018-09-17 08:00:00,80.54,78.925835
2018-09-17 09:00:00,78.24,80.49427
2018-09-17 10:00:00,78.33,80.345985
2018-09-17 11:00:00,78.64,79.28051
2018-09-17 12:00:00,77.68,78.31702
2018-09-17 13:00:00,77.22,77.47239
2018-09-17 14:00:00,77.2,76.64783
2018-09-17 15:00:00,80.85,77.87582
2018-09-17 16:00:00,83.07,77.42132
2018-09-17 17:00:00,86.04,79.245575
2018-09-17 18:00:00,87.14,82.22604
2018-09-17 19:00:00,85.95,82.107574
2018-09-17 20:00:00,80.92,79.34315
2018-09-17 21:00:00,80.11,76.93587
2018-09-17 22:00:00,75.06,74.22799
2018-09-17 23:00:00,73.98,73.45659
2018-09-18 00:00:00,72.66,66.61497
2018-09-18 01:00:00,72.05,66.184525
2018-09-18 02:00:00,72.11,66.0315
2018-09-18 03:00:00,72.95,66.31862
2018-09-18 04:00:00,76.71,68.79359
2018-09-18 05:00:00,77.91,73.146515
2018-09-18 06:00:00,80.95,80.90912
2018-09-18 07:00:00,81.49,81.66917
2018-09-18 08:00:00,81.63,81.63621
2018-09-18 09:00:00,82.89,82.33435
2018-09-18 10:00:00,83.62,83.12052
2018-09-18 11:00:00,83.78,83.22749
2018-09-18 12:00:00,82.73,82.73287
2018-09-18 13:00:00,81.15,80.87663
2018-09-18 14:00:00,81.28,81.29167
2018-09-18 15:00:00,81.47,81.02681
2018-09-18 16:00:00,80.53,81.56154
2018-09-18 17:00:00,83.5,83.114685
2018-09-18 18:00:00,87.36,85.789406
2018-09-18 19:00:00,87.36,86.19998
2018-09-18 20:00:00,83.71,82.64945
2018-09-18 21:00:00,80.92,78.02672
2018-09-18 22:00:00,78.99,75.13531
2018-09-18 23:00:00,77.93,74.5915
2018-09-19 00:00:00,76.57,70.02186
2018-09-19 01:00:00,75.43,69.26343
2018-09-19 02:00:00,74.94,68.55607
2018-09-19 03:00:00,75.11,69.767136
2018-09-19 04:00:00,77.98,71.78326
2018-09-19 05:00:00,79.78,76.57314
2018-09-19 06:00:00,85.29,84.759476
2018-09-19 07:00:00,85.98,86.7042
2018-09-19 08:00:00,84.01,85.181564
2018-09-19 09:00:00,82.25,84.0095
2018-09-19 10:00:00,82.84,84.55372
2018-09-19 11:00:00,83.27,86.51778
2018-09-19 12:00:00,82.19,83.997345
2018-09-19 13:00:00,80.92,83.06504
2018-09-19 14:00:00,80.92,83.29958
2018-09-19 15:00:00,81.19,83.426834
2018-09-19 16:00:00,80.23,83.39839
2018-09-19 17:00:00,81.59,83.83195
2018-09-19 18:00:00,85.54,86.42889
2018-09-19 19:00:00,85.32,86.82654
2018-09-19 20:00:00,81.04,86.16479
2018-09-19 21:00:00,81.13,81.66062
2018-09-19 22:00:00,77.5,77.12578
2018-09-19 23:00:00,76.66,78.2916
2018-09-20 00:00:00,75.16,70.14922
2018-09-20 01:00:00,74.31,68.90763
2018-09-20 02:00:00,73.83,67.742325
2018-09-20 03:00:00,74.82,68.57157
2018-09-20 04:00:00,77.53,70.414185
2018-09-20 05:00:00,79.09,76.60921
2018-09-20 06:00:00,81.41,86.1241
2018-09-20 07:00:00,81.89,87.023865
2018-09-20 08:00:00,81.02,86.774826
2018-09-20 09:00:00,80.99,85.20127
2018-09-20 10:00:00,81.46,85.30057
2018-09-20 11:00:00,81.66,85.54612
2018-09-20 12:00:00,79.71,83.94172
2018-09-20 13:00:00,78.65,82.53329
2018-09-20 14:00:00,78.34,83.001884
2018-09-20 15:00:00,79.11,80.811905
2018-09-20 16:00:00,81.92,83.02575
2018-09-20 17:00:00,86.49,88.81655
2018-09-20 18:00:00,86.11,88.99803
2018-09-20 19:00:00,83.71,87.75914
2018-09-20 20:00:00,78.09,81.635216
2018-09-20 21:00:00,79.18,78.169846
2018-09-20 22:00:00,75.3,74.24339
2018-09-20 23:00:00,73.77,72.85946
2018-09-21 00:00:00,72.56,65.363144
2018-09-21 01:00:00,72.14,62.80643
2018-09-21 02:00:00,71.5,62.948784
2018-09-21 03:00:00,71.88,62.87121
2018-09-21 04:00:00,75.2,67.57375
2018-09-21 05:00:00,75.15,74.18472
2018-09-21 06:00:00,78.78,80.44156
2018-09-21 07:00:00,81.97,83.938934
2018-09-21 08:00:00,82.11,84.44499
2018-09-21 09:00:00,82.93,83.229576
2018-09-21 10:00:00,83.55,85.401695
2018-09-21 11:00:00,83.89,85.15208
2018-09-21 12:00:00,81.52,84.48436
2018-09-21 13:00:00,80.02,83.663956
2018-09-21 14:00:00,79.8,83.4544
2018-09-21 15:00:00,79.39,83.26097
2018-09-21 16:00:00,77.75,83.38705
2018-09-21 17:00:00,80.51,84.459656
2018-09-21 18:00:00,84.09,81.565544
2018-09-21 19:00:00,84.1,81.31594
2018-09-21 20:00:00,78.29,80.407486
2018-09-21 21:00:00,79.27,78.02428
2018-09-21 22:00:00,77.61,75.79702
2018-09-21 23:00:00,76.6,75.40823
2018-09-22 00:00:00,75.51,67.17074
2018-09-22 01:00:00,75.15,68.66542
2018-09-22 02:00:00,74.63,67.70011
2018-09-22 03:00:00,74.59,66.64204
2018-09-22 04:00:00,75.37,67.22277
2018-09-22 05:00:00,75.42,67.41754
2018-09-22 06:00:00,76.24,74.06878
2018-09-22 07:00:00,79.39,76.30345
2018-09-22 08:00:00,78.97,79.572105
2018-09-22 09:00:00,78.58,81.02705
2018-09-22 10:00:00,77.38,78.859184
2018-09-22 11:00:00,77.22,79.03076
2018-09-22 12:00:00,75.37,78.44661
2018-09-22 13:00:00,72.44,76.10717
2018-09-22 14:00:00,72.04,74.24371
2018-09-22 15:00:00,71.99,74.69411
2018-09-22 16:00:00,79.19,74.802986
2018-09-22 17:00:00,83.34,78.31789
2018-09-22 18:00:00,85.16,80.8337
2018-09-22 19:00:00,84.73,80.86937
2018-09-22 20:00:00,81.67,79.92567
2018-09-22 21:00:00,76.39,78.05098
2018-09-22 22:00:00,75.95,76.539444
2018-09-22 23:00:00,74.18,74.05792
2018-09-23 00:00:00,74.19,64.504166
2018-09-23 01:00:00,75.29,64.22347
2018-09-23 02:00:00,74.81,60.34161
2018-09-23 03:00:00,74.76,60.05299
2018-09-23 04:00:00,75.19,60.159237
2018-09-23 05:00:00,75.39,62.687595
2018-09-23 06:00:00,76.29,69.77613
2018-09-23 07:00:00,77.36,74.203606
2018-09-23 08:00:00,76.77,75.81621
2018-09-23 09:00:00,76.75,76.566734
2018-09-23 10:00:00,76.74,76.663445
2018-09-23 11:00:00,77.23,76.82113
2018-09-23 12:00:00,77.65,76.781906
2018-09-23 13:00:00,75.79,74.8108
2018-09-23 14:00:00,73.55,73.19703
2018-09-23 15:00:00,70.89,73.08211
2018-09-23 16:00:00,65.22,74.449844
2018-09-23 17:00:00,67.43,77.63132
2018-09-23 18:00:00,78.9,76.36298
2018-09-23 19:00:00,83.53,76.34273
2018-09-23 20:00:00,81.1,74.79823
2018-09-23 21:00:00,72.67,73.67901
2018-09-23 22:00:00,62.32,71.35956
2018-09-23 23:00:00,60.57,68.1608
2018-09-24 00:00:00,53.61,58.500404
2018-09-24 01:00:00,54.27,57.40103
2018-09-24 02:00:00,54.04,57.12041
2018-09-24 03:00:00,56.07,55.97508
2018-09-24 04:00:00,65.86,59.980106
2018-09-24 05:00:00,76.78,71.92513
2018-09-24 06:00:00,79.12,76.2786
2018-09-24 07:00:00,79.3,77.2822
2018-09-24 08:00:00,79.71,78.588875
2018-09-24 09:00:00,79.45,79.33333
2018-09-24 10:00:00,78.42,79.22133
2018-09-24 11:00:00,78.64,79.32209
2018-09-24 12:00:00,76.84,76.8329
2018-09-24 13:00:00,75.27,74.718
2018-09-24 14:00:00,74.86,74.72931
2018-09-24 15:00:00,76.21,75.84312
2018-09-24 16:00:00,79.57,76.86442
2018-09-24 17:00:00,80.47,76.75224
2018-09-24 18:00:00,82.64,79.21476
2018-09-24 19:00:00,80.03,78.29806
2018-09-24 20:00:00,76.57,73.01585
2018-09-24 21:00:00,75.31,68.42129
2018-09-24 22:00:00,60.32,65.06467
2018-09-24 23:00:00,57.39,63.477535
2018-09-25 00:00:00,55.72,55.626
2018-09-25 01:00:00,55.91,53.63748
2018-09-25 02:00:00,56.54,54.314262
2018-09-25 03:00:00,58.91,55.000496
2018-09-25 04:00:00,69.79,62.883476
2018-09-25 05:00:00,80.18,70.09565
2018-09-25 06:00:00,82.39,75.62067
2018-09-25 07:00:00,82.75,77.25071
2018-09-25 08:00:00,82.21,77.887955
2018-09-25 09:00:00,78.44,76.76067
2018-09-25 10:00:00,79.33,76.84503
2018-09-25 11:00:00,80.44,78.399345
2018-09-25 12:00:00,80.8,77.80706
2018-09-25 13:00:00,79.47,76.9153
2018-09-25 14:00:00,78.54,76.83346
2018-09-25 15:00:00,78.63,76.85987
2018-09-25 16:00:00,82.45,76.651566
2018-09-25 17:00:00,83.65,78.3084
2018-09-25 18:00:00,87.24,79.09043
2018-09-25 19:00:00,81.72,78.45443
2018-09-25 20:00:00,76.72,75.64321
2018-09-25 21:00:00,76.05,70.03908
2018-09-25 22:00:00,68.05,66.75633
2018-09-25 23:00:00,67.02,64.52579
2018-09-26 00:00:00,63.77,56.244972
2018-09-26 01:00:00,63.42,55.085747
2018-09-26 02:00:00,63.22,55.825108
2018-09-26 03:00:00,63.66,57.523182
2018-09-26 04:00:00,73.75,61.84137
2018-09-26 05:00:00,78.96,72.09701
2018-09-26 06:00:00,80.75,77.17157
2018-09-26 07:00:00,80.24,79.33107
2018-09-26 08:00:00,80.08,78.88145
2018-09-26 09:00:00,79.06,79.65136
2018-09-26 10:00:00,79.64,79.99997
2018-09-26 11:00:00,80.25,79.73498
2018-09-26 12:00:00,80.3,77.58417
2018-09-26 13:00:00,79.38,76.4022
2018-09-26 14:00:00,79.21,75.61238
2018-09-26 15:00:00,79.32,75.31703
2018-09-26 16:00:00,80.87,77.42178
2018-09-26 17:00:00,82.96,78.691414
2018-09-26 18:00:00,85.41,81.51291
2018-09-26 19:00:00,82.83,79.33923
2018-09-26 20:00:00,79.91,76.89364
2018-09-26 21:00:00,79.42,73.6971
2018-09-26 22:00:00,73.07,68.547
2018-09-26 23:00:00,70.37,69.319016
2018-09-27 00:00:00,67.41,58.298462
2018-09-27 01:00:00,67.24,58.157333
2018-09-27 02:00:00,66.73,57.6501
2018-09-27 03:00:00,67.13,58.538067
2018-09-27 04:00:00,75.62,66.799446
2018-09-27 05:00:00,78.5,72.40099
2018-09-27 06:00:00,83.41,83.69903
2018-09-27 07:00:00,81.31,82.1816
2018-09-27 08:00:00,81.14,81.83667
2018-09-27 09:00:00,81.14,81.84784
2018-09-27 10:00:00,81.61,81.72008
2018-09-27 11:00:00,82.24,81.49088
2018-09-27 12:00:00,81.64,80.77565
2018-09-27 13:00:00,80.52,79.582664
2018-09-27 14:00:00,80.56,80.03031
2018-09-27 15:00:00,80.79,80.049644
2018-09-27 16:00:00,80.25,82.99402
2018-09-27 17:00:00,85.77,84.16098
2018-09-27 18:00:00,87.39,85.37218
2018-09-27 19:00:00,86.29,84.50213
2018-09-27 20:00:00,80.7,81.099335
2018-09-27 21:00:00,80.25,77.30694
2018-09-27 22:00:00,78.94,75.264824
2018-09-27 23:00:00,77.71,75.04011
2018-09-28 00:00:00,76.67,68.61141
2018-09-28 01:00:00,76.84,66.45644
2018-09-28 02:00:00,76.72,66.29327
2018-09-28 03:00:00,76.8,66.61356
2018-09-28 04:00:00,78.86,69.21486
2018-09-28 05:00:00,81.93,75.7452
2018-09-28 06:00:00,85.86,83.58009
2018-09-28 07:00:00,85.88,84.962715
2018-09-28 08:00:00,85.43,85.008415
2018-09-28 09:00:00,83.66,85.07475
2018-09-28 10:00:00,84.46,85.08961
2018-09-28 11:00:00,84.84,84.61992
2018-09-28 12:00:00,82.89,82.296234
2018-09-28 13:00:00,82.35,80.87069
2018-09-28 14:00:00,81.21,80.74152
2018-09-28 15:00:00,80.78,80.17092
2018-09-28 16:00:00,80.46,79.9654
2018-09-28 17:00:00,80.17,80.94537
2018-09-28 18:00:00,82.99,83.316956
2018-09-28 19:00:00,83.11,81.59834
2018-09-28 20:00:00,80.34,80.73144
2018-09-28 21:00:00,77.6,75.07601
2018-09-28 22:00:00,74.46,72.57816
2018-09-28 23:00:00,68.72,73.54153
2018-09-29 00:00:00,66.86,65.29266
2018-09-29 01:00:00,66.78,64.350716
2018-09-29 02:00:00,65.07,62.61533
2018-09-29 03:00:00,64.67,62.078663
2018-09-29 04:00:00,67.44,61.486233
2018-09-29 05:00:00,71.4,61.759953
2018-09-29 06:00:00,69.26,70.62064
2018-09-29 07:00:00,77.82,73.41967
2018-09-29 08:00:00,78.17,74.60343
2018-09-29 09:00:00,78.39,73.76102
2018-09-29 10:00:00,78.79,73.0133
2018-09-29 11:00:00,79.64,75.17511
2018-09-29 12:00:00,78.65,75.03263
2018-09-29 13:00:00,76.29,72.534996
2018-09-29 14:00:00,73.98,70.906334
2018-09-29 15:00:00,73.01,71.738
2018-09-29 16:00:00,74.63,71.777855
2018-09-29 17:00:00,81.81,74.633804
2018-09-29 18:00:00,83.8,75.884415
2018-09-29 19:00:00,82.77,76.2185
2018-09-29 20:00:00,81.28,75.0146
2018-09-29 21:00:00,78.95,73.58528
2018-09-29 22:00:00,77.29,69.442566
2018-09-29 23:00:00,77.23,68.441
2018-09-30 00:00:00,73.64,61.156685
2018-09-30 01:00:00,71.2,61.57699
2018-09-30 02:00:00,69.52,60.17801
2018-09-30 03:00:00,68.94,61.14537
2018-09-30 04:00:00,70.65,60.69929
2018-09-30 05:00:00,73.75,61.47682
2018-09-30 06:00:00,74.18,68.98039
2018-09-30 07:00:00,78.4,74.3504
2018-09-30 08:00:00,77.72,75.98918
2018-09-30 09:00:00,76.1,76.17747
2018-09-30 10:00:00,77.67,75.11294
2018-09-30 11:00:00,78.92,75.15998
2018-09-30 12:00:00,78.15,75.02075
2018-09-30 13:00:00,71.95,72.644875
2018-09-30 14:00:00,67.12,70.21074
2018-09-30 15:00:00,66.59,70.43515
2018-09-30 16:00:00,69.79,73.12164
2018-09-30 17:00:00,78.88,76.35903
2018-09-30 18:00:00,80.19,76.05714
2018-09-30 19:00:00,80.15,75.55072
2018-09-30 20:00:00,75.59,74.54491
2018-09-30 21:00:00,66.9,72.74628
2018-09-30 22:00:00,64.64,71.35368
2018-09-30 23:00:00,61.11,67.52853
2018-10-01 00:00:00,56.85,62.47288
2018-10-01 01:00:00,53.87,61.07216
2018-10-01 02:00:00,54.86,59.982494
2018-10-01 03:00:00,56.97,59.578438
2018-10-01 04:00:00,73.95,64.13508
2018-10-01 05:00:00,80.36,71.25665
2018-10-01 06:00:00,82.43,79.059135
2018-10-01 07:00:00,82.44,81.952385
2018-10-01 08:00:00,80.19,82.807106
2018-10-01 09:00:00,78.81,81.612564
2018-10-01 10:00:00,76.64,80.03702
2018-10-01 11:00:00,73.31,77.93514
2018-10-01 12:00:00,68.42,75.09434
2018-10-01 13:00:00,66.5,72.82986
2018-10-01 14:00:00,64.82,72.54206
2018-10-01 15:00:00,67.25,73.76045
2018-10-01 16:00:00,76.22,77.5878
2018-10-01 17:00:00,82.83,80.79536
2018-10-01 18:00:00,83.36,81.805916
2018-10-01 19:00:00,77.49,80.715096
2018-10-01 20:00:00,72.95,72.92824
2018-10-01 21:00:00,67.31,69.38721
2018-10-01 22:00:00,63.8,69.65906
2018-10-01 23:00:00,61.39,65.94766
2018-10-02 00:00:00,56.48,58.87511
2018-10-02 01:00:00,54.46,57.874893
2018-10-02 02:00:00,54.53,56.035522
2018-10-02 03:00:00,56.29,57.230713
2018-10-02 04:00:00,64.15,59.945362
2018-10-02 05:00:00,77.67,64.210815
2018-10-02 06:00:00,80.04,70.268715
2018-10-02 07:00:00,80.58,75.919106
2018-10-02 08:00:00,79.56,77.47861
2018-10-02 09:00:00,76.87,77.28777
2018-10-02 10:00:00,77.95,76.208916
2018-10-02 11:00:00,76.7,75.75234
2018-10-02 12:00:00,72.92,73.44093
2018-10-02 13:00:00,71.32,70.73809
2018-10-02 14:00:00,70.94,70.59645
2018-10-02 15:00:00,72.79,72.05235
2018-10-02 16:00:00,79.81,73.2816
2018-10-02 17:00:00,86.13,77.59396
2018-10-02 18:00:00,87.21,78.46178
2018-10-02 19:00:00,81.22,79.88616
2018-10-02 20:00:00,76.75,76.87201
2018-10-02 21:00:00,71.73,73.349525
2018-10-02 22:00:00,65.6,69.93764
2018-10-02 23:00:00,63.22,70.930244
2018-10-03 00:00:00,61.49,63.832794
2018-10-03 01:00:00,60.86,62.707832
2018-10-03 02:00:00,60.71,61.593483
2018-10-03 03:00:00,60.77,63.262054
2018-10-03 04:00:00,65.35,63.29182
2018-10-03 05:00:00,79.94,66.59857
2018-10-03 06:00:00,83.33,73.51975
2018-10-03 07:00:00,84.23,79.104164
2018-10-03 08:00:00,82.82,78.178375
2018-10-03 09:00:00,82.57,77.916336
2018-10-03 10:00:00,81.34,77.775696
2018-10-03 11:00:00,81.66,78.09414
2018-10-03 12:00:00,80.74,77.867195
2018-10-03 13:00:00,79.76,79.35289
2018-10-03 14:00:00,78.7,80.19608
2018-10-03 15:00:00,79.54,79.63134
2018-10-03 16:00:00,81.94,78.18822
2018-10-03 17:00:00,88.39,79.31413
2018-10-03 18:00:00,89.53,80.3074
2018-10-03 19:00:00,84.35,80.437035
2018-10-03 20:00:00,80.32,80.46741
2018-10-03 21:00:00,76.38,74.898605
2018-10-03 22:00:00,68.39,73.70825
2018-10-03 23:00:00,65.37,73.09036
2018-10-04 00:00:00,64.96,63.75283
2018-10-04 01:00:00,64.41,64.32926
2018-10-04 02:00:00,64.71,64.03684
2018-10-04 03:00:00,65.99,64.12811
2018-10-04 04:00:00,78.36,66.56291
2018-10-04 05:00:00,86.17,75.949425
2018-10-04 06:00:00,88.4,83.83129
2018-10-04 07:00:00,89.81,85.19532
2018-10-04 08:00:00,86.62,85.285095
2018-10-04 09:00:00,85.48,85.19435
2018-10-04 10:00:00,83.28,87.631905
2018-10-04 11:00:00,83.49,86.95789
2018-10-04 12:00:00,80.15,86.1522
2018-10-04 13:00:00,79.59,85.54414
2018-10-04 14:00:00,79.06,85.18938
2018-10-04 15:00:00,84.82,84.92861
2018-10-04 16:00:00,87.85,85.71426
2018-10-04 17:00:00,88.49,87.689354
2018-10-04 18:00:00,91.93,88.33223
2018-10-04 19:00:00,88.09,88.64292
2018-10-04 20:00:00,81.08,87.80441
2018-10-04 21:00:00,76.09,83.211815
2018-10-04 22:00:00,74.79,78.05431
2018-10-04 23:00:00,72.69,75.2908
2018-10-05 00:00:00,67.45,69.604256
2018-10-05 01:00:00,65.99,68.74171
2018-10-05 02:00:00,65.57,68.98071
2018-10-05 03:00:00,64.28,68.97472
2018-10-05 04:00:00,75.15,70.24424
2018-10-05 05:00:00,81.94,74.4605
2018-10-05 06:00:00,84.44,84.14612
2018-10-05 07:00:00,84.38,87.58892
2018-10-05 08:00:00,81.24,87.03217
2018-10-05 09:00:00,80.79,87.77758
2018-10-05 10:00:00,80.47,87.32967
2018-10-05 11:00:00,80.85,87.634
2018-10-05 12:00:00,79.02,87.24034
2018-10-05 13:00:00,75.32,85.17842
2018-10-05 14:00:00,74.39,85.47769
2018-10-05 15:00:00,80.17,81.081505
2018-10-05 16:00:00,83.73,82.85446
2018-10-05 17:00:00,85.3,83.84648
2018-10-05 18:00:00,85.43,84.23368
2018-10-05 19:00:00,82.12,87.8513
2018-10-05 20:00:00,79.07,86.65841
2018-10-05 21:00:00,73.6,83.67517
2018-10-05 22:00:00,78.17,72.97935
2018-10-05 23:00:00,77.82,73.528076
2018-10-06 00:00:00,76.62,66.42615
2018-10-06 01:00:00,74.43,65.58726
2018-10-06 02:00:00,72.84,64.117195
2018-10-06 03:00:00,69.31,66.67991
2018-10-06 04:00:00,67.99,66.58543
2018-10-06 05:00:00,70.14,62.795616
2018-10-06 06:00:00,72.38,70.44282
2018-10-06 07:00:00,78.24,74.37669
2018-10-06 08:00:00,78.72,75.417786
2018-10-06 09:00:00,78.44,75.435555
2018-10-06 10:00:00,76.98,74.97163
2018-10-06 11:00:00,75.23,74.63532
2018-10-06 12:00:00,68.37,74.3967
2018-10-06 13:00:00,63.6,73.71619
2018-10-06 14:00:00,61.57,71.49637
2018-10-06 15:00:00,65.46,70.28278
2018-10-06 16:00:00,75.74,71.41445
2018-10-06 17:00:00,80.25,73.22585
2018-10-06 18:00:00,84.02,76.46934
2018-10-06 19:00:00,75.71,76.7447
2018-10-06 20:00:00,68.4,76.39796
2018-10-06 21:00:00,67.73,72.55124
2018-10-06 22:00:00,62.34,69.950676
2018-10-06 23:00:00,59.1,67.86175
2018-10-07 00:00:00,57.56,61.186
2018-10-07 01:00:00,55.52,59.22439
2018-10-07 02:00:00,51.71,59.094845
2018-10-07 03:00:00,51.74,58.628895
2018-10-07 04:00:00,55.23,60.389946
2018-10-07 05:00:00,59.8,63.289677
2018-10-07 06:00:00,59.49,66.51663
2018-10-07 07:00:00,61.7,68.30505
2018-10-07 08:00:00,60.35,68.16705
2018-10-07 09:00:00,61.62,67.42083
2018-10-07 10:00:00,60.52,66.79934
2018-10-07 11:00:00,57.82,66.277794
2018-10-07 12:00:00,56.63,64.17876
2018-10-07 13:00:00,55.87,62.436054
2018-10-07 14:00:00,56.52,62.44046
2018-10-07 15:00:00,61.25,61.476128
2018-10-07 16:00:00,68.46,63.45325
2018-10-07 17:00:00,78.23,68.251434
2018-10-07 18:00:00,83.01,71.26891
2018-10-07 19:00:00,77.71,71.872856
2018-10-07 20:00:00,74.94,71.01874
2018-10-07 21:00:00,69.82,67.04121
2018-10-07 22:00:00,60.92,60.21825
2018-10-07 23:00:00,58.62,55.72559
2018-10-08 00:00:00,55.54,52.38961
2018-10-08 01:00:00,54.29,52.277203
2018-10-08 02:00:00,54.6,52.203278
2018-10-08 03:00:00,57.6,51.94603
2018-10-08 04:00:00,67.52,55.743385
2018-10-08 05:00:00,77.48,60.700134
2018-10-08 06:00:00,79.33,68.509995
2018-10-08 07:00:00,78.84,69.99792
2018-10-08 08:00:00,78.23,70.79088
2018-10-08 09:00:00,78.89,72.90173
2018-10-08 10:00:00,77.33,75.68269
2018-10-08 11:00:00,77.63,76.03056
2018-10-08 12:00:00,76.68,75.302246
2018-10-08 13:00:00,76.09,74.18433
2018-10-08 14:00:00,76.2,73.3257
2018-10-08 15:00:00,79.72,73.67658
2018-10-08 16:00:00,80.37,73.718
2018-10-08 17:00:00,81.81,74.231285
2018-10-08 18:00:00,84.93,74.37307
2018-10-08 19:00:00,84.17,76.17391
2018-10-08 20:00:00,79.19,74.936195
2018-10-08 21:00:00,76.4,69.23647
2018-10-08 22:00:00,71.28,65.48701
2018-10-08 23:00:00,65.6,64.34646
2018-10-09 00:00:00,63.9,56.59674
2018-10-09 01:00:00,63.11,56.92729
2018-10-09 02:00:00,62.52,56.03972
2018-10-09 03:00:00,63.67,56.67181
2018-10-09 04:00:00,76.92,61.75394
2018-10-09 05:00:00,77.79,67.963104
2018-10-09 06:00:00,78.85,75.48262
2018-10-09 07:00:00,79.37,78.02695
2018-10-09 08:00:00,79.76,77.92779
2018-10-09 09:00:00,77.84,77.6757
2018-10-09 10:00:00,77.3,77.71379
2018-10-09 11:00:00,76.17,78.65544
2018-10-09 12:00:00,72.9,76.54093
2018-10-09 13:00:00,72.46,75.06295
2018-10-09 14:00:00,76.08,75.34047
2018-10-09 15:00:00,79.36,74.487976
2018-10-09 16:00:00,77.72,75.11067
2018-10-09 17:00:00,81.55,77.73778
2018-10-09 18:00:00,84.42,78.44841
2018-10-09 19:00:00,84.16,78.15019
2018-10-09 20:00:00,74.74,75.852516
2018-10-09 21:00:00,67.87,70.15968
2018-10-09 22:00:00,65.15,65.885025
2018-10-09 23:00:00,62.35,63.622204
2018-10-10 00:00:00,60.92,57.435455
2018-10-10 01:00:00,59.93,57.19635
2018-10-10 02:00:00,60.38,56.899944
2018-10-10 03:00:00,60.01,57.118664
2018-10-10 04:00:00,74.54,64.436134
2018-10-10 05:00:00,79.2,69.39617
2018-10-10 06:00:00,82.13,74.702156
2018-10-10 07:00:00,82.15,76.55443
2018-10-10 08:00:00,82.84,76.61037
2018-10-10 09:00:00,80.21,76.87802
2018-10-10 10:00:00,78.47,75.98117
2018-10-10 11:00:00,75.22,72.2897
2018-10-10 12:00:00,71.1,71.07642
2018-10-10 13:00:00,66.85,69.0448
2018-10-10 14:00:00,66.33,69.18775
2018-10-10 15:00:00,74.72,69.791435
2018-10-10 16:00:00,75.91,71.696495
2018-10-10 17:00:00,79.49,76.12026
2018-10-10 18:00:00,80.83,76.933495
2018-10-10 19:00:00,78.51,77.41832
2018-10-10 20:00:00,70.21,71.649796
2018-10-10 21:00:00,65.47,67.4635
2018-10-10 22:00:00,59.92,65.002
2018-10-10 23:00:00,57.01,64.62978
2018-10-11 00:00:00,53.42,56.817127
2018-10-11 01:00:00,53.07,58.27389
2018-10-11 02:00:00,52.84,58.027447
2018-10-11 03:00:00,54.45,55.963806
2018-10-11 04:00:00,60.79,56.514267
2018-10-11 05:00:00,74.3,61.39658
2018-10-11 06:00:00,78.11,66.94183
2018-10-11 07:00:00,78.86,72.63336
2018-10-11 08:00:00,78.32,73.489456
2018-10-11 09:00:00,77.34,73.517815
2018-10-11 10:00:00,76.18,73.46799
2018-10-11 11:00:00,73.31,73.072754
2018-10-11 12:00:00,68.52,71.60813
2018-10-11 13:00:00,67.42,69.59342
2018-10-11 14:00:00,70.17,69.08563
2018-10-11 15:00:00,78.21,69.176216
2018-10-11 16:00:00,79.57,72.65979
2018-10-11 17:00:00,81.93,74.4784
2018-10-11 18:00:00,83.03,75.93461
2018-10-11 19:00:00,79.73,76.600006
2018-10-11 20:00:00,75.66,74.74045
2018-10-11 21:00:00,70.07,69.528046
2018-10-11 22:00:00,61.02,65.74762
2018-10-11 23:00:00,58.6,63.345947
2018-10-12 00:00:00,56.1,57.390087
2018-10-12 01:00:00,54.82,56.479416
2018-10-12 02:00:00,54.53,56.568153
2018-10-12 03:00:00,54.58,56.753864
2018-10-12 04:00:00,60.89,59.196445
2018-10-12 05:00:00,68.98,68.82667
2018-10-12 06:00:00,72.24,73.94397
2018-10-12 07:00:00,73.85,76.0353
2018-10-12 08:00:00,73.27,75.90747
2018-10-12 09:00:00,71.42,75.44498
2018-10-12 10:00:00,69.58,74.0336
2018-10-12 11:00:00,63.12,74.86934
2018-10-12 12:00:00,62.28,71.07267
2018-10-12 13:00:00,60.42,69.093925
2018-10-12 14:00:00,62.05,70.22833
2018-10-12 15:00:00,71.79,71.43501
2018-10-12 16:00:00,72.93,73.56204
2018-10-12 17:00:00,76.6,76.12993
2018-10-12 18:00:00,79.25,75.247696
2018-10-12 19:00:00,76.56,74.85987
2018-10-12 20:00:00,72.79,71.21577
2018-10-12 21:00:00,66.5,66.80477
2018-10-12 22:00:00,67.76,58.381287
2018-10-12 23:00:00,61.1,57.45789
2018-10-13 00:00:00,58.53,52.52593
2018-10-13 01:00:00,58.82,52.977276
2018-10-13 02:00:00,58.64,51.46767
2018-10-13 03:00:00,58.22,50.7818
2018-10-13 04:00:00,59.89,50.62958
2018-10-13 05:00:00,63.1,53.249603
2018-10-13 06:00:00,67.73,58.68864
2018-10-13 07:00:00,70.76,61.645706
2018-10-13 08:00:00,70.24,64.05835
2018-10-13 09:00:00,66.77,63.359543
2018-10-13 10:00:00,64.81,61.38591
2018-10-13 11:00:00,64.63,61.95967
2018-10-13 12:00:00,63.59,60.37283
2018-10-13 13:00:00,60.66,59.491787
2018-10-13 14:00:00,61.27,58.821114
2018-10-13 15:00:00,65.24,59.65939
2018-10-13 16:00:00,69.4,63.627533
2018-10-13 17:00:00,78.45,69.335
2018-10-13 18:00:00,82.49,71.16343
2018-10-13 19:00:00,79.91,69.28289
2018-10-13 20:00:00,74.79,65.95487
2018-10-13 21:00:00,73.75,62.36415
2018-10-13 22:00:00,59.0,60.453053
2018-10-13 23:00:00,57.04,55.747875
2018-10-14 00:00:00,55.78,51.00581
2018-10-14 01:00:00,54.06,49.581936
2018-10-14 02:00:00,53.48,46.865494
2018-10-14 03:00:00,47.62,48.03327
2018-10-14 04:00:00,44.68,50.102074
2018-10-14 05:00:00,47.18,51.368
2018-10-14 06:00:00,48.11,54.98256
2018-10-14 07:00:00,58.75,56.11216
2018-10-14 08:00:00,57.96,54.654327
2018-10-14 09:00:00,57.0,54.42073
2018-10-14 10:00:00,58.02,54.058064
2018-10-14 11:00:00,60.69,54.482307
2018-10-14 12:00:00,61.32,53.758034
2018-10-14 13:00:00,58.82,52.277706
2018-10-14 14:00:00,57.07,51.95156
2018-10-14 15:00:00,60.65,52.886517
2018-10-14 16:00:00,61.15,55.99704
2018-10-14 17:00:00,73.77,65.08672
2018-10-14 18:00:00,80.63,68.00856
2018-10-14 19:00:00,78.13,67.45708
2018-10-14 20:00:00,76.61,66.09402
2018-10-14 21:00:00,71.68,59.284336
2018-10-14 22:00:00,55.37,54.90019
2018-10-14 23:00:00,44.64,51.343426
2018-10-15 00:00:00,40.98,44.469513
2018-10-15 01:00:00,40.81,44.73957
2018-10-15 02:00:00,37.76,45.316364
2018-10-15 03:00:00,46.69,47.58424
2018-10-15 04:00:00,55.35,55.34987
2018-10-15 05:00:00,60.86,62.629932
2018-10-15 06:00:00,69.13,67.089554
2018-10-15 07:00:00,70.43,69.52939
2018-10-15 08:00:00,71.69,70.48494
2018-10-15 09:00:00,71.82,70.673965
2018-10-15 10:00:00,75.24,71.7117
2018-10-15 11:00:00,75.73,72.24538
2018-10-15 12:00:00,74.92,69.66505
2018-10-15 13:00:00,75.52,68.68104
2018-10-15 14:00:00,76.84,69.68292
2018-10-15 15:00:00,78.68,69.19504
2018-10-15 16:00:00,80.09,70.99691
2018-10-15 17:00:00,80.52,74.44621
2018-10-15 18:00:00,86.45,76.70264
2018-10-15 19:00:00,83.34,76.361984
2018-10-15 20:00:00,75.01,70.53908
2018-10-15 21:00:00,73.76,66.47342
2018-10-15 22:00:00,73.64,64.63709
2018-10-15 23:00:00,73.21,63.239525
2018-10-16 00:00:00,72.27,63.7008
2018-10-16 01:00:00,71.0,61.314293
2018-10-16 02:00:00,68.93,60.63612
2018-10-16 03:00:00,69.51,62.880314
2018-10-16 04:00:00,77.46,66.56754
2018-10-16 05:00:00,80.6,70.78052
2018-10-16 06:00:00,82.65,77.58406
2018-10-16 07:00:00,82.93,78.30683
2018-10-16 08:00:00,82.83,78.89614
2018-10-16 09:00:00,82.94,82.340546
2018-10-16 10:00:00,81.56,83.71404
2018-10-16 11:00:00,81.92,81.49556
2018-10-16 12:00:00,77.09,80.24869
2018-10-16 13:00:00,77.15,78.1963
2018-10-16 14:00:00,78.83,78.41359
2018-10-16 15:00:00,82.13,79.01907
2018-10-16 16:00:00,82.42,80.34684
2018-10-16 17:00:00,82.68,85.03325
2018-10-16 18:00:00,85.59,85.89001
2018-10-16 19:00:00,83.47,85.810104
2018-10-16 20:00:00,80.28,80.808495
2018-10-16 21:00:00,74.78,77.10846
2018-10-16 22:00:00,73.03,74.96418
2018-10-16 23:00:00,73.16,74.78777
2018-10-17 00:00:00,72.76,67.716484
2018-10-17 01:00:00,70.89,66.01485
2018-10-17 02:00:00,68.93,66.17512
2018-10-17 03:00:00,68.16,65.72991
2018-10-17 04:00:00,76.61,68.49808
2018-10-17 05:00:00,80.12,72.15664
2018-10-17 06:00:00,82.26,83.72036
2018-10-17 07:00:00,82.45,84.07717
2018-10-17 08:00:00,82.46,84.281654
2018-10-17 09:00:00,81.21,84.2724
2018-10-17 10:00:00,80.89,83.78606
2018-10-17 11:00:00,80.65,81.23609
2018-10-17 12:00:00,78.07,80.115
2018-10-17 13:00:00,76.88,78.999596
2018-10-17 14:00:00,78.08,78.524086
2018-10-17 15:00:00,78.43,78.75797
2018-10-17 16:00:00,78.05,79.74795
2018-10-17 17:00:00,81.44,84.34728
2018-10-17 18:00:00,83.54,85.5077
2018-10-17 19:00:00,83.06,85.17863
2018-10-17 20:00:00,75.22,80.78472
2018-10-17 21:00:00,68.39,76.40011
2018-10-17 22:00:00,69.23,74.17881
2018-10-17 23:00:00,64.72,68.21632
2018-10-18 00:00:00,61.29,61.70381
2018-10-18 01:00:00,59.88,59.914246
2018-10-18 02:00:00,58.05,56.75474
2018-10-18 03:00:00,57.38,59.190815
2018-10-18 04:00:00,65.93,60.919155
2018-10-18 05:00:00,75.17,68.367455
2018-10-18 06:00:00,77.25,73.74443
2018-10-18 07:00:00,77.52,73.91454
2018-10-18 08:00:00,77.72,73.954254
2018-10-18 09:00:00,77.46,74.53023
2018-10-18 10:00:00,76.24,74.02342
2018-10-18 11:00:00,74.83,72.04533
2018-10-18 12:00:00,70.13,69.44563
2018-10-18 13:00:00,67.78,68.005516
2018-10-18 14:00:00,67.62,67.92351
2018-10-18 15:00:00,75.74,70.13351
2018-10-18 16:00:00,75.57,70.2435
2018-10-18 17:00:00,79.01,75.31884
2018-10-18 18:00:00,81.54,75.7331
2018-10-18 19:00:00,72.1,75.36093
2018-10-18 20:00:00,68.55,70.27633
2018-10-18 21:00:00,64.81,67.98897
2018-10-18 22:00:00,57.97,62.446045
2018-10-18 23:00:00,56.03,61.52465
2018-10-19 00:00:00,54.1,54.41659
2018-10-19 01:00:00,53.77,54.312366
2018-10-19 02:00:00,54.1,52.864006
2018-10-19 03:00:00,56.71,53.290108
2018-10-19 04:00:00,62.88,54.879856
2018-10-19 05:00:00,72.99,64.48409
2018-10-19 06:00:00,75.39,71.06383
2018-10-19 07:00:00,76.09,73.01224
2018-10-19 08:00:00,76.36,72.78586
2018-10-19 09:00:00,76.62,71.58698
2018-10-19 10:00:00,76.14,71.97024
2018-10-19 11:00:00,70.16,71.15551
2018-10-19 12:00:00,67.61,70.596146
2018-10-19 13:00:00,67.38,67.9415
2018-10-19 14:00:00,67.94,67.99382
2018-10-19 15:00:00,74.44,68.10315
2018-10-19 16:00:00,74.24,70.12636
2018-10-19 17:00:00,76.81,73.52598
2018-10-19 18:00:00,79.84,74.433876
2018-10-19 19:00:00,75.49,74.3038
2018-10-19 20:00:00,67.97,70.47884
2018-10-19 21:00:00,64.84,66.667
2018-10-19 22:00:00,69.01,63.640526
2018-10-19 23:00:00,61.06,63.207916
2018-10-20 00:00:00,56.79,55.729183
2018-10-20 01:00:00,56.63,54.624294
2018-10-20 02:00:00,56.81,54.373043
2018-10-20 03:00:00,55.52,52.331635
2018-10-20 04:00:00,57.49,52.152424
2018-10-20 05:00:00,60.9,56.77987
2018-10-20 06:00:00,65.13,63.282722
2018-10-20 07:00:00,71.78,64.7493
2018-10-20 08:00:00,71.17,66.31336
2018-10-20 09:00:00,68.14,66.81576
2018-10-20 10:00:00,65.66,66.63506
2018-10-20 11:00:00,63.52,64.31112
2018-10-20 12:00:00,61.29,62.63429
2018-10-20 13:00:00,58.58,60.98782
2018-10-20 14:00:00,60.36,59.385277
2018-10-20 15:00:00,66.14,59.965046
2018-10-20 16:00:00,72.8,62.264046
2018-10-20 17:00:00,75.06,68.49376
2018-10-20 18:00:00,77.32,70.60913
2018-10-20 19:00:00,70.42,70.06705
2018-10-20 20:00:00,66.08,67.43018
2018-10-20 21:00:00,66.45,62.718407
2018-10-20 22:00:00,59.63,61.61542
2018-10-20 23:00:00,58.21,58.485607
2018-10-21 00:00:00,55.66,53.78722
2018-10-21 01:00:00,54.75,53.366966
2018-10-21 02:00:00,54.83,53.24714
2018-10-21 03:00:00,55.23,52.555702
2018-10-21 04:00:00,57.19,52.362247
2018-10-21 05:00:00,61.5,55.14688
2018-10-21 06:00:00,63.96,59.55317
2018-10-21 07:00:00,66.32,61.09077
2018-10-21 08:00:00,65.45,62.656563
2018-10-21 09:00:00,65.53,63.961388
2018-10-21 10:00:00,65.77,63.917572
2018-10-21 11:00:00,70.74,63.537853
2018-10-21 12:00:00,71.58,64.1685
2018-10-21 13:00:00,64.63,61.23891
2018-10-21 14:00:00,62.74,59.681046
2018-10-21 15:00:00,65.22,60.369865
2018-10-21 16:00:00,74.53,63.3334
2018-10-21 17:00:00,79.11,69.17875
2018-10-21 18:00:00,78.95,70.738655
2018-10-21 19:00:00,77.12,70.69991
2018-10-21 20:00:00,75.04,69.31104
2018-10-21 21:00:00,70.49,66.79272
2018-10-21 22:00:00,64.6,64.7197
2018-10-21 23:00:00,60.55,61.879173
2018-10-22 00:00:00,58.81,56.894455
2018-10-22 01:00:00,58.66,55.165543
2018-10-22 02:00:00,58.46,54.92188
2018-10-22 03:00:00,58.76,54.346836
2018-10-22 04:00:00,66.0,60.247467
2018-10-22 05:00:00,74.97,69.41745
2018-10-22 06:00:00,77.96,73.83132
2018-10-22 07:00:00,77.7,74.74714
2018-10-22 08:00:00,76.7,75.15634
2018-10-22 09:00:00,76.36,75.65287
2018-10-22 10:00:00,74.3,72.71612
2018-10-22 11:00:00,68.43,73.44423
2018-10-22 12:00:00,65.04,72.23521
2018-10-22 13:00:00,63.61,70.99183
2018-10-22 14:00:00,63.34,70.42637
2018-10-22 15:00:00,72.14,69.39825
2018-10-22 16:00:00,73.51,72.93239
2018-10-22 17:00:00,75.97,77.66685
2018-10-22 18:00:00,78.34,77.52393
2018-10-22 19:00:00,73.71,76.40471
2018-10-22 20:00:00,66.03,69.333855
2018-10-22 21:00:00,60.88,66.15398
2018-10-22 22:00:00,57.24,63.427673
2018-10-22 23:00:00,56.55,61.24287
2018-10-23 00:00:00,55.03,53.883778
2018-10-23 01:00:00,52.02,53.725796
2018-10-23 02:00:00,52.35,52.11222
2018-10-23 03:00:00,53.12,51.0622
2018-10-23 04:00:00,58.64,53.88352
2018-10-23 05:00:00,71.83,62.73918
2018-10-23 06:00:00,74.87,69.07693
2018-10-23 07:00:00,75.05,70.40313
2018-10-23 08:00:00,75.65,71.07307
2018-10-23 09:00:00,75.82,70.6798
2018-10-23 10:00:00,74.39,70.39763
2018-10-23 11:00:00,70.89,70.20581
2018-10-23 12:00:00,66.77,69.399765
2018-10-23 13:00:00,64.38,67.935875
2018-10-23 14:00:00,64.21,67.74134
2018-10-23 15:00:00,69.5,68.770546
2018-10-23 16:00:00,76.85,70.765
2018-10-23 17:00:00,79.1,74.66468
2018-10-23 18:00:00,81.29,74.47843
2018-10-23 19:00:00,77.03,76.08972
2018-10-23 20:00:00,73.43,70.36611
2018-10-23 21:00:00,65.23,65.604256
2018-10-23 22:00:00,61.73,62.658215
2018-10-23 23:00:00,60.6,61.915306
2018-10-24 00:00:00,58.17,57.26499
2018-10-24 01:00:00,58.13,57.152214
2018-10-24 02:00:00,57.03,57.335953
2018-10-24 03:00:00,57.6,57.24249
2018-10-24 04:00:00,62.67,61.693264
2018-10-24 05:00:00,73.84,68.78115
2018-10-24 06:00:00,77.91,72.814575
2018-10-24 07:00:00,78.07,74.14477
2018-10-24 08:00:00,78.07,74.33758
2018-10-24 09:00:00,77.23,74.09213
2018-10-24 10:00:00,76.37,74.09188
2018-10-24 11:00:00,75.86,73.39502
2018-10-24 12:00:00,72.9,70.46634
2018-10-24 13:00:00,69.3,69.83249
2018-10-24 14:00:00,69.79,68.76838
2018-10-24 15:00:00,72.85,69.19833
2018-10-24 16:00:00,73.96,73.67187
2018-10-24 17:00:00,77.96,75.5153
2018-10-24 18:00:00,80.29,76.69798
2018-10-24 19:00:00,78.41,76.743256
2018-10-24 20:00:00,73.75,72.71681
2018-10-24 21:00:00,71.53,68.90321
2018-10-24 22:00:00,67.82,66.45445
2018-10-24 23:00:00,67.65,65.44454
2018-10-25 00:00:00,62.57,58.2109
2018-10-25 01:00:00,62.42,57.39871
2018-10-25 02:00:00,62.42,58.229355
2018-10-25 03:00:00,64.4,60.397884
2018-10-25 04:00:00,71.86,64.77165
2018-10-25 05:00:00,75.87,70.49945
2018-10-25 06:00:00,79.04,75.10718
2018-10-25 07:00:00,79.87,76.36195
2018-10-25 08:00:00,79.67,77.227425
2018-10-25 09:00:00,79.71,76.83573
2018-10-25 10:00:00,79.32,76.88099
2018-10-25 11:00:00,79.47,76.67642
2018-10-25 12:00:00,78.46,75.61796
2018-10-25 13:00:00,74.82,73.392105
2018-10-25 14:00:00,74.71,73.77814
2018-10-25 15:00:00,78.69,74.755196
2018-10-25 16:00:00,79.53,76.36326
2018-10-25 17:00:00,81.66,77.41987
2018-10-25 18:00:00,84.03,79.71037
2018-10-25 19:00:00,81.69,79.544815
2018-10-25 20:00:00,76.87,76.86583
2018-10-25 21:00:00,74.42,73.45006
2018-10-25 22:00:00,75.09,70.13131
2018-10-25 23:00:00,73.34,69.42279
2018-10-26 00:00:00,72.28,64.58177
2018-10-26 01:00:00,70.2,63.51332
2018-10-26 02:00:00,68.59,63.503616
2018-10-26 03:00:00,68.44,63.684647
2018-10-26 04:00:00,74.29,65.24176
2018-10-26 05:00:00,79.16,70.65591
2018-10-26 06:00:00,81.9,81.08572
2018-10-26 07:00:00,82.31,82.495514
2018-10-26 08:00:00,83.08,82.90171
2018-10-26 09:00:00,83.56,82.7926
2018-10-26 10:00:00,83.25,84.28731
2018-10-26 11:00:00,79.61,81.629105
2018-10-26 12:00:00,75.45,79.44564
2018-10-26 13:00:00,73.99,76.838104
2018-10-26 14:00:00,72.54,76.46964
2018-10-26 15:00:00,74.32,77.228294
2018-10-26 16:00:00,74.9,76.14714
2018-10-26 17:00:00,77.18,78.524605
2018-10-26 18:00:00,79.06,79.40264
2018-10-26 19:00:00,73.45,78.22844
2018-10-26 20:00:00,71.34,73.42442
2018-10-26 21:00:00,69.47,70.688416
2018-10-26 22:00:00,71.06,64.065315
2018-10-26 23:00:00,67.68,64.458176
2018-10-27 00:00:00,64.53,59.940487
2018-10-27 01:00:00,59.15,58.80034
2018-10-27 02:00:00,57.92,55.598873
2018-10-27 03:00:00,57.57,55.761204
2018-10-27 04:00:00,59.69,58.023373
2018-10-27 05:00:00,60.29,59.29598
2018-10-27 06:00:00,61.05,63.99076
2018-10-27 07:00:00,70.54,69.14027
2018-10-27 08:00:00,74.96,70.91484
2018-10-27 09:00:00,74.91,71.53124
2018-10-27 10:00:00,71.39,70.14927
2018-10-27 11:00:00,71.33,70.40653
2018-10-27 12:00:00,66.3,67.037895
2018-10-27 13:00:00,59.56,63.64328
2018-10-27 14:00:00,59.17,62.209892
2018-10-27 15:00:00,58.61,60.377098
2018-10-27 16:00:00,59.5,63.188843
2018-10-27 17:00:00,68.48,70.212135
2018-10-27 18:00:00,76.34,73.442245
2018-10-27 19:00:00,75.25,71.36493
2018-10-27 20:00:00,72.6,69.49185
2018-10-27 21:00:00,65.98,62.10367
2018-10-27 22:00:00,68.15,59.831112
2018-10-27 23:00:00,59.71,56.338043
2018-10-28 00:00:00,58.28,52.261196
2018-10-28 01:00:00,56.33,51.213116
2018-10-28 02:00:00,52.22,50.318462
2018-10-28 03:00:00,50.83,50.564682
2018-10-28 04:00:00,51.77,49.409843
2018-10-28 05:00:00,53.66,51.609222
2018-10-28 06:00:00,53.79,54.516922
2018-10-28 07:00:00,56.97,57.48722
2018-10-28 08:00:00,59.37,58.57761
2018-10-28 09:00:00,59.23,57.06067
2018-10-28 10:00:00,56.92,56.292385
2018-10-28 11:00:00,59.86,57.327896
2018-10-28 12:00:00,58.6,54.27981
2018-10-28 13:00:00,57.09,53.241695
2018-10-28 14:00:00,56.46,51.99306
2018-10-28 15:00:00,54.31,52.436985
2018-10-28 16:00:00,61.22,59.39211
2018-10-28 17:00:00,71.58,71.331055
2018-10-28 18:00:00,75.44,73.989494
2018-10-28 19:00:00,76.0,72.775696
2018-10-28 20:00:00,76.31,71.17114
2018-10-28 21:00:00,72.77,64.50823
2018-10-28 22:00:00,64.76,61.29025
2018-10-28 23:00:00,57.0,54.519215
2018-10-29 00:00:00,53.15,52.201492
2018-10-29 01:00:00,47.28,51.214382
2018-10-29 02:00:00,42.05,50.349125
2018-10-29 03:00:00,43.13,49.75645
2018-10-29 04:00:00,56.33,51.729248
2018-10-29 05:00:00,63.69,60.548748
2018-10-29 06:00:00,69.34,67.48865
2018-10-29 07:00:00,74.5,69.25641
2018-10-29 08:00:00,74.67,70.61852
2018-10-29 09:00:00,72.82,71.38738
2018-10-29 10:00:00,69.64,70.83954
2018-10-29 11:00:00,67.29,70.92221
2018-10-29 12:00:00,70.04,68.55015
2018-10-29 13:00:00,62.93,65.7451
2018-10-29 14:00:00,62.13,65.70888
2018-10-29 15:00:00,63.66,66.63129
2018-10-29 16:00:00,72.66,70.24129
2018-10-29 17:00:00,76.48,75.49441
2018-10-29 18:00:00,81.3,77.08507
2018-10-29 19:00:00,82.67,77.12991
2018-10-29 20:00:00,79.87,72.861435
2018-10-29 21:00:00,73.84,65.511734
2018-10-29 22:00:00,70.15,58.592995
2018-10-29 23:00:00,57.85,55.866352
2018-10-30 00:00:00,56.43,55.012173
2018-10-30 01:00:00,56.44,54.337334
2018-10-30 02:00:00,55.37,55.354633
2018-10-30 03:00:00,55.97,54.90535
2018-10-30 04:00:00,58.7,60.694828
2018-10-30 05:00:00,62.78,66.03811
2018-10-30 06:00:00,71.07,71.37001
2018-10-30 07:00:00,75.64,73.306625
2018-10-30 08:00:00,76.65,76.08763
2018-10-30 09:00:00,76.32,76.07327
2018-10-30 10:00:00,76.7,76.3051
2018-10-30 11:00:00,77.67,75.82894
2018-10-30 12:00:00,76.18,76.12482
2018-10-30 13:00:00,74.49,74.845764
2018-10-30 14:00:00,72.85,74.48839
2018-10-30 15:00:00,72.94,74.69635
2018-10-30 16:00:00,75.35,76.25707
2018-10-30 17:00:00,76.63,79.54824
2018-10-30 18:00:00,80.2,80.04757
2018-10-30 19:00:00,82.07,80.801636
2018-10-30 20:00:00,80.63,78.201355
2018-10-30 21:00:00,75.34,72.98641
2018-10-30 22:00:00,71.07,69.11984
2018-10-30 23:00:00,68.52,65.35241
2018-10-31 00:00:00,63.27,58.24223
2018-10-31 01:00:00,62.07,56.66875
2018-10-31 02:00:00,58.41,56.76797
2018-10-31 03:00:00,57.68,55.478336
2018-10-31 04:00:00,60.22,60.67195
2018-10-31 05:00:00,72.48,67.067535
2018-10-31 06:00:00,73.86,73.518974
2018-10-31 07:00:00,77.76,75.48784
2018-10-31 08:00:00,78.71,77.991905
2018-10-31 09:00:00,78.93,78.19559
2018-10-31 10:00:00,77.91,78.48494
2018-10-31 11:00:00,78.1,77.98511
2018-10-31 12:00:00,78.27,77.140915
2018-10-31 13:00:00,76.5,75.26545
2018-10-31 14:00:00,75.88,74.53537
2018-10-31 15:00:00,76.56,73.98506
2018-10-31 16:00:00,78.02,75.67881
2018-10-31 17:00:00,81.45,80.127266
2018-10-31 18:00:00,82.95,81.37952
2018-10-31 19:00:00,84.45,81.797455
2018-10-31 20:00:00,86.8,78.34193
2018-10-31 21:00:00,72.96,75.47547
2018-10-31 22:00:00,73.79,71.76808
2018-10-31 23:00:00,74.53,64.879456
2018-11-01 00:00:00,72.07,56.78921
2018-11-01 01:00:00,70.35,51.371704
2018-11-01 02:00:00,69.63,55.788383
2018-11-01 03:00:00,65.66,58.620018
2018-11-01 04:00:00,63.24,56.045994
2018-11-01 05:00:00,62.92,62.234676
2018-11-01 06:00:00,63.12,74.99661
2018-11-01 07:00:00,63.78,79.67808
2018-11-01 08:00:00,68.34,80.423485
2018-11-01 09:00:00,69.29,81.38244
2018-11-01 10:00:00,68.86,81.33308
2018-11-01 11:00:00,67.9,79.18368
2018-11-01 12:00:00,67.86,77.24701
2018-11-01 13:00:00,63.35,74.79704
2018-11-01 14:00:00,60.05,72.44818
2018-11-01 15:00:00,60.09,72.18141
2018-11-01 16:00:00,67.57,75.793335
2018-11-01 17:00:00,77.0,81.88781
2018-11-01 18:00:00,77.18,82.85534
2018-11-01 19:00:00,76.78,82.795715
2018-11-01 20:00:00,75.52,80.51546
2018-11-01 21:00:00,72.32,74.833466
2018-11-01 22:00:00,64.58,71.293076
2018-11-01 23:00:00,61.77,66.511284
2018-11-02 00:00:00,58.95,57.432835
2018-11-02 01:00:00,54.52,54.258053
2018-11-02 02:00:00,54.13,53.640755
2018-11-02 03:00:00,53.47,52.55522
2018-11-02 04:00:00,56.23,52.73203
2018-11-02 05:00:00,65.06,54.985714
2018-11-02 06:00:00,71.04,58.987473
2018-11-02 07:00:00,73.54,63.462425
2018-11-02 08:00:00,74.52,67.221664
2018-11-02 09:00:00,75.17,68.85345
2018-11-02 10:00:00,74.59,69.49611
2018-11-02 11:00:00,72.96,67.833565
2018-11-02 12:00:00,71.47,67.12907
2018-11-02 13:00:00,68.76,66.62441
2018-11-02 14:00:00,70.49,65.891426
2018-11-02 15:00:00,70.71,66.21367
2018-11-02 16:00:00,72.91,71.844795
2018-11-02 17:00:00,78.36,74.936195
2018-11-02 18:00:00,79.61,78.67269
2018-11-02 19:00:00,78.33,79.94876
2018-11-02 20:00:00,73.2,78.0571
2018-11-02 21:00:00,72.49,72.41342
2018-11-02 22:00:00,71.46,69.69749
2018-11-02 23:00:00,68.15,69.29287
2018-11-03 00:00:00,59.6,62.793327
2018-11-03 01:00:00,57.93,61.68162
2018-11-03 02:00:00,55.34,60.677242
2018-11-03 03:00:00,53.68,59.918266
2018-11-03 04:00:00,55.68,59.73848
2018-11-03 05:00:00,57.25,59.69105
2018-11-03 06:00:00,59.79,65.55901
2018-11-03 07:00:00,65.23,67.16915
2018-11-03 08:00:00,68.58,69.17926
2018-11-03 09:00:00,68.07,69.16189
2018-11-03 10:00:00,70.39,67.66604
2018-11-03 11:00:00,70.82,67.23133
2018-11-03 12:00:00,71.0,67.71003
2018-11-03 13:00:00,69.74,67.1434
2018-11-03 14:00:00,66.57,65.772644
2018-11-03 15:00:00,65.33,65.55
2018-11-03 16:00:00,73.82,67.938065
2018-11-03 17:00:00,81.58,71.165565
2018-11-03 18:00:00,81.78,74.38805
2018-11-03 19:00:00,79.27,75.001526
2018-11-03 20:00:00,77.07,73.37576
2018-11-03 21:00:00,73.13,69.42366
2018-11-03 22:00:00,72.88,66.10459
2018-11-03 23:00:00,72.54,66.12177
2018-11-04 00:00:00,69.56,58.380684
2018-11-04 01:00:00,66.76,59.930885
2018-11-04 02:00:00,61.37,59.351154
2018-11-04 03:00:00,58.69,58.655888
2018-11-04 04:00:00,58.7,57.971226
2018-11-04 05:00:00,58.93,59.17602
2018-11-04 06:00:00,59.17,68.283485
2018-11-04 07:00:00,59.99,71.54336
2018-11-04 08:00:00,63.82,73.26663
2018-11-04 09:00:00,66.51,74.15557
2018-11-04 10:00:00,66.69,73.8681
2018-11-04 11:00:00,63.8,72.051025
2018-11-04 12:00:00,61.42,71.15985
2018-11-04 13:00:00,60.09,69.16634
2018-11-04 14:00:00,57.84,67.92701
2018-11-04 15:00:00,57.69,66.62432
2018-11-04 16:00:00,67.35,67.395935
2018-11-04 17:00:00,72.57,71.50713
2018-11-04 18:00:00,73.76,73.22891
2018-11-04 19:00:00,69.74,73.67108
2018-11-04 20:00:00,69.0,73.27645
2018-11-04 21:00:00,64.3,70.20617
2018-11-04 22:00:00,59.82,68.63633
2018-11-04 23:00:00,55.33,65.414116
2018-11-05 00:00:00,49.88,63.182556
2018-11-05 01:00:00,48.06,61.226982
2018-11-05 02:00:00,45.87,59.333256
2018-11-05 03:00:00,44.66,57.60903
2018-11-05 04:00:00,50.2,61.997402
2018-11-05 05:00:00,59.73,65.55291
2018-11-05 06:00:00,71.46,69.52663
2018-11-05 07:00:00,73.78,71.229546
2018-11-05 08:00:00,74.57,73.214516
2018-11-05 09:00:00,73.69,73.21471
2018-11-05 10:00:00,73.04,73.47532
2018-11-05 11:00:00,71.03,73.39329
2018-11-05 12:00:00,72.38,70.56529
2018-11-05 13:00:00,71.21,69.80379
2018-11-05 14:00:00,70.03,68.67457
2018-11-05 15:00:00,69.29,68.59714
2018-11-05 16:00:00,72.73,70.56899
2018-11-05 17:00:00,76.7,73.128006
2018-11-05 18:00:00,78.69,73.123535
2018-11-05 19:00:00,75.37,73.228676
2018-11-05 20:00:00,70.1,73.21877
2018-11-05 21:00:00,67.06,68.27335
2018-11-05 22:00:00,60.05,66.44901
2018-11-05 23:00:00,54.24,62.166306
2018-11-06 00:00:00,50.51,57.17842
2018-11-06 01:00:00,48.1,55.077553
2018-11-06 02:00:00,47.03,55.92042
2018-11-06 03:00:00,46.06,55.92042
2018-11-06 04:00:00,51.1,56.3386
2018-11-06 05:00:00,56.23,60.98756
2018-11-06 06:00:00,67.45,64.24184
2018-11-06 07:00:00,72.11,69.226944
2018-11-06 08:00:00,72.48,69.67161
2018-11-06 09:00:00,69.96,69.32612
2018-11-06 10:00:00,68.45,68.67416
2018-11-06 11:00:00,65.67,68.24277
2018-11-06 12:00:00,67.25,66.92837
2018-11-06 13:00:00,68.36,65.85232
2018-11-06 14:00:00,68.98,65.51126
2018-11-06 15:00:00,70.48,64.994316
2018-11-06 16:00:00,73.34,68.720474
2018-11-06 17:00:00,77.24,73.02256
2018-11-06 18:00:00,78.44,73.273964
2018-11-06 19:00:00,73.31,72.808426
2018-11-06 20:00:00,66.54,71.08425
2018-11-06 21:00:00,60.68,66.21578
2018-11-06 22:00:00,57.76,62.705456
2018-11-06 23:00:00,49.52,61.328003
2018-11-07 00:00:00,47.85,57.448647
2018-11-07 01:00:00,45.61,53.336384
2018-11-07 02:00:00,44.76,51.68797
2018-11-07 03:00:00,43.53,51.1389
2018-11-07 04:00:00,48.17,52.760307
2018-11-07 05:00:00,55.29,59.453617
2018-11-07 06:00:00,65.56,63.939896
2018-11-07 07:00:00,68.81,67.36043
2018-11-07 08:00:00,67.37,67.626015
2018-11-07 09:00:00,66.03,68.839294
2018-11-07 10:00:00,65.53,68.79797
2018-11-07 11:00:00,64.5,68.34918
2018-11-07 12:00:00,66.74,67.57805
2018-11-07 13:00:00,67.44,66.65435
2018-11-07 14:00:00,70.08,65.753075
2018-11-07 15:00:00,72.49,65.60586
2018-11-07 16:00:00,75.69,68.47821
2018-11-07 17:00:00,80.5,72.32712
2018-11-07 18:00:00,79.63,73.94219
2018-11-07 19:00:00,80.35,73.6223
2018-11-07 20:00:00,79.66,71.29017
2018-11-07 21:00:00,74.32,65.90415
2018-11-07 22:00:00,72.55,66.9261
2018-11-07 23:00:00,67.53,60.361847
2018-11-08 00:00:00,65.31,57.02857
2018-11-08 01:00:00,58.51,56.864452
2018-11-08 02:00:00,55.84,57.53356
2018-11-08 03:00:00,54.03,57.476322
2018-11-08 04:00:00,53.88,58.42935
2018-11-08 05:00:00,60.56,61.315998
2018-11-08 06:00:00,69.62,65.11071
2018-11-08 07:00:00,72.75,70.26656
2018-11-08 08:00:00,72.9,71.80835
2018-11-08 09:00:00,71.95,71.63769
2018-11-08 10:00:00,70.35,72.310135
2018-11-08 11:00:00,69.49,72.87487
2018-11-08 12:00:00,68.65,71.9419
2018-11-08 13:00:00,66.98,71.15295
2018-11-08 14:00:00,67.56,70.970695
2018-11-08 15:00:00,68.54,69.8937
2018-11-08 16:00:00,70.87,72.02911
2018-11-08 17:00:00,74.81,74.42912
2018-11-08 18:00:00,76.21,75.771095
2018-11-08 19:00:00,74.62,75.63366
2018-11-08 20:00:00,69.64,73.977295
2018-11-08 21:00:00,64.5,67.77843
2018-11-08 22:00:00,60.06,65.27123
2018-11-08 23:00:00,56.1,61.484222
2018-11-09 00:00:00,54.49,56.173164
2018-11-09 01:00:00,51.59,53.704044
2018-11-09 02:00:00,51.94,53.026134
2018-11-09 03:00:00,51.88,52.928116
2018-11-09 04:00:00,55.43,54.094593
2018-11-09 05:00:00,66.6,59.89531
2018-11-09 06:00:00,70.69,65.37925
2018-11-09 07:00:00,73.65,68.7053
2018-11-09 08:00:00,73.59,69.82619
2018-11-09 09:00:00,72.24,70.41846
2018-11-09 10:00:00,70.32,69.79643
2018-11-09 11:00:00,68.59,69.30008
2018-11-09 12:00:00,67.44,68.52396
2018-11-09 13:00:00,65.31,66.62157
2018-11-09 14:00:00,64.8,66.32268
2018-11-09 15:00:00,66.35,66.24993
2018-11-09 16:00:00,69.51,68.911964
2018-11-09 17:00:00,74.17,73.64912
2018-11-09 18:00:00,73.52,74.80566
2018-11-09 19:00:00,68.3,74.54941
2018-11-09 20:00:00,63.69,72.47478
2018-11-09 21:00:00,61.31,67.28744
2018-11-09 22:00:00,58.13,64.48167
2018-11-09 23:00:00,53.73,55.18226
2018-11-10 00:00:00,48.82,49.68636
2018-11-10 01:00:00,45.31,47.36446
2018-11-10 02:00:00,44.4,44.9398
2018-11-10 03:00:00,43.72,44.145187
2018-11-10 04:00:00,44.21,46.291813
2018-11-10 05:00:00,47.02,53.459873
2018-11-10 06:00:00,50.21,60.644173
2018-11-10 07:00:00,53.31,59.692764
2018-11-10 08:00:00,56.57,59.702785
2018-11-10 09:00:00,58.79,59.434204
2018-11-10 10:00:00,60.3,58.189133
2018-11-10 11:00:00,61.53,57.762043
2018-11-10 12:00:00,62.0,58.043648
2018-11-10 13:00:00,60.42,57.19536
2018-11-10 14:00:00,59.94,57.19549
2018-11-10 15:00:00,58.55,57.464264
2018-11-10 16:00:00,64.32,60.123817
2018-11-10 17:00:00,73.75,64.87904
2018-11-10 18:00:00,73.18,68.266594
2018-11-10 19:00:00,68.26,68.54384
2018-11-10 20:00:00,67.17,65.25324
2018-11-10 21:00:00,61.29,61.86075
2018-11-10 22:00:00,59.36,58.019485
2018-11-10 23:00:00,58.68,52.611656
2018-11-11 00:00:00,52.36,48.37502
2018-11-11 01:00:00,48.3,44.021084
2018-11-11 02:00:00,43.24,42.634174
2018-11-11 03:00:00,40.89,42.127026
2018-11-11 04:00:00,41.9,41.83769
2018-11-11 05:00:00,40.29,43.21219
2018-11-11 06:00:00,46.9,46.927402
2018-11-11 07:00:00,50.89,47.94411
2018-11-11 08:00:00,53.34,50.985428
2018-11-11 09:00:00,56.03,56.009594
2018-11-11 10:00:00,61.51,57.596695
2018-11-11 11:00:00,65.67,57.18372
2018-11-11 12:00:00,67.28,57.951817
2018-11-11 13:00:00,64.75,56.843822
2018-11-11 14:00:00,60.75,56.940647
2018-11-11 15:00:00,60.8,55.749954
2018-11-11 16:00:00,66.61,59.110455
2018-11-11 17:00:00,73.49,67.81375
2018-11-11 18:00:00,74.66,70.59971
2018-11-11 19:00:00,75.79,71.018394
2018-11-11 20:00:00,75.99,70.89567
2018-11-11 21:00:00,73.57,67.75631
2018-11-11 22:00:00,71.36,66.1993
2018-11-11 23:00:00,59.32,64.22231
2018-11-12 00:00:00,54.19,59.734993
2018-11-12 01:00:00,51.8,57.600483
2018-11-12 02:00:00,51.56,57.87254
2018-11-12 03:00:00,51.87,56.847355
2018-11-12 04:00:00,53.78,59.221786
2018-11-12 05:00:00,68.55,65.27936
2018-11-12 06:00:00,72.72,72.443985
2018-11-12 07:00:00,73.31,74.37672
2018-11-12 08:00:00,74.06,75.76952
2018-11-12 09:00:00,73.35,76.2642
2018-11-12 10:00:00,73.48,76.461876
2018-11-12 11:00:00,72.4,76.376305
2018-11-12 12:00:00,72.16,74.25715
2018-11-12 13:00:00,71.95,73.38722
2018-11-12 14:00:00,72.53,73.09859
2018-11-12 15:00:00,73.48,72.88731
2018-11-12 16:00:00,78.4,76.58073
2018-11-12 17:00:00,81.25,81.03815
2018-11-12 18:00:00,81.59,82.140785
2018-11-12 19:00:00,76.96,78.12217
2018-11-12 20:00:00,75.92,72.15597
2018-11-12 21:00:00,71.61,69.243675
2018-11-12 22:00:00,64.88,65.89504
2018-11-12 23:00:00,66.66,67.95879
2018-11-13 00:00:00,63.57,62.432125
2018-11-13 01:00:00,60.37,60.711445
2018-11-13 02:00:00,57.95,60.2105
2018-11-13 03:00:00,57.16,59.35092
2018-11-13 04:00:00,56.35,60.5999
2018-11-13 05:00:00,66.52,65.584305
2018-11-13 06:00:00,71.01,72.90222
2018-11-13 07:00:00,74.16,74.89116
2018-11-13 08:00:00,74.44,76.07938
2018-11-13 09:00:00,72.31,75.81947
2018-11-13 10:00:00,72.74,75.375565
2018-11-13 11:00:00,70.83,74.85308
2018-11-13 12:00:00,71.45,73.36066
2018-11-13 13:00:00,71.59,72.363396
2018-11-13 14:00:00,72.99,72.11153
2018-11-13 15:00:00,73.61,72.3668
2018-11-13 16:00:00,74.82,75.5101
2018-11-13 17:00:00,78.17,79.59626
2018-11-13 18:00:00,78.37,79.970314
2018-11-13 19:00:00,78.95,78.88345
2018-11-13 20:00:00,73.23,76.80099
2018-11-13 21:00:00,70.51,70.82214
2018-11-13 22:00:00,63.18,65.049446
2018-11-13 23:00:00,63.16,65.11606
2018-11-14 00:00:00,57.95,60.258286
2018-11-14 01:00:00,54.7,58.98132
2018-11-14 02:00:00,52.5,58.594376
2018-11-14 03:00:00,52.62,58.530136
2018-11-14 04:00:00,53.67,58.744236
2018-11-14 05:00:00,63.12,62.3177
2018-11-14 06:00:00,70.03,69.41056
2018-11-14 07:00:00,72.4,71.73998
2018-11-14 08:00:00,72.51,72.75834
2018-11-14 09:00:00,71.62,72.902115
2018-11-14 10:00:00,70.0,72.30935
2018-11-14 11:00:00,67.37,71.91411
2018-11-14 12:00:00,68.64,71.09852
2018-11-14 13:00:00,70.36,68.799934
2018-11-14 14:00:00,72.59,68.58658
2018-11-14 15:00:00,73.05,68.78535
2018-11-14 16:00:00,73.86,71.220436
2018-11-14 17:00:00,76.17,76.98391
2018-11-14 18:00:00,76.43,77.11359
2018-11-14 19:00:00,74.7,76.580414
2018-11-14 20:00:00,69.12,72.84472
2018-11-14 21:00:00,64.76,67.09374
2018-11-14 22:00:00,62.24,62.941643
2018-11-14 23:00:00,60.36,59.733273
2018-11-15 00:00:00,55.58,54.664017
2018-11-15 01:00:00,54.71,53.585724
2018-11-15 02:00:00,53.79,52.247528
2018-11-15 03:00:00,54.41,54.87397
2018-11-15 04:00:00,56.94,57.51158
2018-11-15 05:00:00,68.59,61.779877
2018-11-15 06:00:00,70.25,69.029396
2018-11-15 07:00:00,72.76,72.1757
2018-11-15 08:00:00,72.98,72.341324
2018-11-15 09:00:00,73.55,73.55987
2018-11-15 10:00:00,73.08,73.35894
2018-11-15 11:00:00,71.79,73.97556
2018-11-15 12:00:00,72.53,72.71376
2018-11-15 13:00:00,73.09,69.86544
2018-11-15 14:00:00,73.68,70.1577
2018-11-15 15:00:00,73.73,69.83194
2018-11-15 16:00:00,74.91,72.62531
2018-11-15 17:00:00,77.64,78.022194
2018-11-15 18:00:00,78.41,78.48605
2018-11-15 19:00:00,77.29,78.22081
2018-11-15 20:00:00,74.32,75.28586
2018-11-15 21:00:00,72.48,67.84295
2018-11-15 22:00:00,68.41,66.6346
2018-11-15 23:00:00,65.96,65.63846
2018-11-16 00:00:00,59.8,62.313385
2018-11-16 01:00:00,57.59,58.078205
2018-11-16 02:00:00,55.71,56.974075
2018-11-16 03:00:00,55.43,56.812363
2018-11-16 04:00:00,59.71,60.209763
2018-11-16 05:00:00,68.47,65.90421
2018-11-16 06:00:00,71.08,71.59193
2018-11-16 07:00:00,73.66,74.61042
2018-11-16 08:00:00,74.32,74.63737
2018-11-16 09:00:00,74.29,75.60583
2018-11-16 10:00:00,73.92,75.46781
2018-11-16 11:00:00,72.92,75.305176
2018-11-16 12:00:00,71.81,74.56695
2018-11-16 13:00:00,71.76,72.73445
2018-11-16 14:00:00,72.6,72.45424
2018-11-16 15:00:00,73.14,72.65517
2018-11-16 16:00:00,73.92,75.29001
2018-11-16 17:00:00,76.02,78.212555
2018-11-16 18:00:00,76.51,78.950226
2018-11-16 19:00:00,74.27,77.44645
2018-11-16 20:00:00,70.62,73.74217
2018-11-16 21:00:00,67.54,69.15538
2018-11-16 22:00:00,64.98,66.185
2018-11-16 23:00:00,68.95,64.67383
2018-11-17 00:00:00,65.1,61.26899
2018-11-17 01:00:00,60.71,56.473843
2018-11-17 02:00:00,58.22,56.15862
2018-11-17 03:00:00,55.18,54.230156
2018-11-17 04:00:00,59.6,55.86521
2018-11-17 05:00:00,60.08,56.062405
2018-11-17 06:00:00,63.05,61.46423
2018-11-17 07:00:00,66.08,64.296555
2018-11-17 08:00:00,70.39,67.64441
2018-11-17 09:00:00,70.09,69.38019
2018-11-17 10:00:00,66.34,68.4465
2018-11-17 11:00:00,63.47,67.62779
2018-11-17 12:00:00,64.57,66.304535
2018-11-17 13:00:00,65.68,65.00887
2018-11-17 14:00:00,64.03,63.56772
2018-11-17 15:00:00,65.82,64.02117
2018-11-17 16:00:00,70.67,67.35716
2018-11-17 17:00:00,75.27,72.539314
2018-11-17 18:00:00,75.46,73.23729
2018-11-17 19:00:00,70.47,73.370476
2018-11-17 20:00:00,69.37,69.94405
2018-11-17 21:00:00,64.43,64.839905
2018-11-17 22:00:00,62.41,62.790474
2018-11-17 23:00:00,61.75,59.947735
2018-11-18 00:00:00,56.23,54.57399
2018-11-18 01:00:00,55.33,51.516262
2018-11-18 02:00:00,53.74,51.712536
2018-11-18 03:00:00,53.18,49.60829
2018-11-18 04:00:00,55.37,49.990974
2018-11-18 05:00:00,53.41,51.00033
2018-11-18 06:00:00,55.12,54.3961
2018-11-18 07:00:00,57.72,56.270714
2018-11-18 08:00:00,60.87,57.58014
2018-11-18 09:00:00,63.56,60.292374
2018-11-18 10:00:00,64.14,59.910942
2018-11-18 11:00:00,65.15,60.67714
2018-11-18 12:00:00,64.55,61.599026
2018-11-18 13:00:00,64.89,60.819813
2018-11-18 14:00:00,60.04,59.942783
2018-11-18 15:00:00,59.18,58.508686
2018-11-18 16:00:00,65.55,63.917225
2018-11-18 17:00:00,74.11,69.88463
2018-11-18 18:00:00,75.39,71.90416
2018-11-18 19:00:00,74.96,72.097305
2018-11-18 20:00:00,72.37,70.80484
2018-11-18 21:00:00,71.22,65.95105
2018-11-18 22:00:00,68.51,61.69004
2018-11-18 23:00:00,69.85,58.67718
2018-11-19 00:00:00,66.35,55.246212
2018-11-19 01:00:00,64.5,54.143497
2018-11-19 02:00:00,61.11,55.517704
2018-11-19 03:00:00,59.32,55.966022
2018-11-19 04:00:00,65.49,60.283703
2018-11-19 05:00:00,72.98,68.58236
2018-11-19 06:00:00,73.88,74.83754
2018-11-19 07:00:00,76.18,77.9281
2018-11-19 08:00:00,76.74,79.44407
2018-11-19 09:00:00,77.42,80.65272
2018-11-19 10:00:00,76.76,80.25561
2018-11-19 11:00:00,77.33,79.491936
2018-11-19 12:00:00,77.14,79.13263
2018-11-19 13:00:00,76.0,77.303246
2018-11-19 14:00:00,75.09,77.0254
2018-11-19 15:00:00,75.13,76.51173
2018-11-19 16:00:00,75.37,78.23318
2018-11-19 17:00:00,78.36,82.840126
2018-11-19 18:00:00,79.33,83.91172
2018-11-19 19:00:00,79.35,83.02682
2018-11-19 20:00:00,77.13,79.916725
2018-11-19 21:00:00,75.32,73.39638
2018-11-19 22:00:00,72.89,68.36822
2018-11-19 23:00:00,67.54,70.042046
2018-11-20 00:00:00,62.94,63.99076
2018-11-20 01:00:00,58.57,62.253265
2018-11-20 02:00:00,54.89,59.60864
2018-11-20 03:00:00,55.27,59.908844
2018-11-20 04:00:00,59.28,61.38815
2018-11-20 05:00:00,64.34,64.987366
2018-11-20 06:00:00,70.38,72.05102
2018-11-20 07:00:00,73.12,74.53597
2018-11-20 08:00:00,73.31,76.17303
2018-11-20 09:00:00,72.9,76.38374
2018-11-20 10:00:00,72.33,75.66123
2018-11-20 11:00:00,71.04,75.57677
2018-11-20 12:00:00,70.02,74.32823
2018-11-20 13:00:00,67.37,72.7722
2018-11-20 14:00:00,67.93,71.64742
2018-11-20 15:00:00,67.93,69.987656
2018-11-20 16:00:00,69.93,72.89358
2018-11-20 17:00:00,74.14,77.36538
2018-11-20 18:00:00,74.6,78.27156
2018-11-20 19:00:00,75.67,78.2405
2018-11-20 20:00:00,74.64,75.29793
2018-11-20 21:00:00,71.79,69.17851
2018-11-20 22:00:00,69.51,63.406906
2018-11-20 23:00:00,63.04,62.518513
2018-11-21 00:00:00,60.23,58.917072
2018-11-21 01:00:00,59.24,57.30105
2018-11-21 02:00:00,57.88,57.191635
2018-11-21 03:00:00,57.48,55.54922
2018-11-21 04:00:00,59.18,58.319027
2018-11-21 05:00:00,63.08,63.58972
2018-11-21 06:00:00,69.7,70.18481
2018-11-21 07:00:00,72.71,73.47743
2018-11-21 08:00:00,72.88,75.08638
2018-11-21 09:00:00,72.87,75.309105
2018-11-21 10:00:00,72.85,74.9855
2018-11-21 11:00:00,71.83,74.04671
2018-11-21 12:00:00,71.1,72.35601
2018-11-21 13:00:00,68.86,70.65465
2018-11-21 14:00:00,69.56,68.01697
2018-11-21 15:00:00,71.15,70.33253
2018-11-21 16:00:00,73.59,74.57931
2018-11-21 17:00:00,76.06,79.31285
2018-11-21 18:00:00,76.54,81.466545
2018-11-21 19:00:00,77.45,81.61122
2018-11-21 20:00:00,76.36,77.87065
2018-11-21 21:00:00,73.29,72.87838
2018-11-21 22:00:00,72.42,68.47562
2018-11-21 23:00:00,63.43,64.871704
2018-11-22 00:00:00,60.76,61.04017
2018-11-22 01:00:00,59.09,59.54493
2018-11-22 02:00:00,57.88,61.477146
2018-11-22 03:00:00,57.84,61.33869
2018-11-22 04:00:00,59.44,62.216545
2018-11-22 05:00:00,63.45,65.11889
2018-11-22 06:00:00,70.75,72.37011
2018-11-22 07:00:00,73.71,75.71906
2018-11-22 08:00:00,74.64,76.794304
2018-11-22 09:00:00,74.28,76.754814
2018-11-22 10:00:00,73.75,76.397934
2018-11-22 11:00:00,73.43,76.19689
2018-11-22 12:00:00,73.44,75.83038
2018-11-22 13:00:00,73.22,74.68097
2018-11-22 14:00:00,73.26,74.09336
2018-11-22 15:00:00,74.1,74.42327
2018-11-22 16:00:00,75.43,77.24131
2018-11-22 17:00:00,77.68,81.24881
2018-11-22 18:00:00,78.19,82.5765
2018-11-22 19:00:00,78.2,81.75421
2018-11-22 20:00:00,77.83,77.31812
2018-11-22 21:00:00,73.91,72.78583
2018-11-22 22:00:00,72.1,69.77167
2018-11-22 23:00:00,69.67,67.363716
2018-11-23 00:00:00,66.66,62.79953
2018-11-23 01:00:00,63.62,60.350048
2018-11-23 02:00:00,62.16,60.373096
2018-11-23 03:00:00,62.08,62.42997
2018-11-23 04:00:00,64.93,65.57139
2018-11-23 05:00:00,71.24,66.862656
2018-11-23 06:00:00,72.9,74.00923
2018-11-23 07:00:00,75.11,77.32581
2018-11-23 08:00:00,75.96,77.77141
2018-11-23 09:00:00,75.91,78.048996
2018-11-23 10:00:00,74.83,77.87296
2018-11-23 11:00:00,75.61,77.28784
2018-11-23 12:00:00,73.96,76.17342
2018-11-23 13:00:00,72.53,73.4304
2018-11-23 14:00:00,69.87,71.36003
2018-11-23 15:00:00,69.88,71.74753
2018-11-23 16:00:00,72.95,75.38324
2018-11-23 17:00:00,76.17,80.54167
2018-11-23 18:00:00,76.57,79.73638
2018-11-23 19:00:00,76.09,78.597244
2018-11-23 20:00:00,74.7,76.41608
2018-11-23 21:00:00,72.42,71.713615
2018-11-23 22:00:00,69.53,67.58581
2018-11-23 23:00:00,67.37,67.63106
2018-11-24 00:00:00,65.39,63.153214
2018-11-24 01:00:00,63.55,61.779873
2018-11-24 02:00:00,59.46,57.013237
2018-11-24 03:00:00,57.59,56.49021
2018-11-24 04:00:00,59.41,57.988712
2018-11-24 05:00:00,61.29,59.813766
2018-11-24 06:00:00,65.06,64.33009
2018-11-24 07:00:00,69.25,67.89713
2018-11-24 08:00:00,72.81,71.64454
2018-11-24 09:00:00,73.81,73.44393
2018-11-24 10:00:00,72.4,73.2469
2018-11-24 11:00:00,70.45,71.04154
2018-11-24 12:00:00,68.94,70.72168
2018-11-24 13:00:00,66.36,68.61612
2018-11-24 14:00:00,62.54,67.30109
2018-11-24 15:00:00,62.06,67.04361
2018-11-24 16:00:00,63.38,69.97779
2018-11-24 17:00:00,72.34,76.61988
2018-11-24 18:00:00,73.46,76.23053
2018-11-24 19:00:00,72.11,75.19938
2018-11-24 20:00:00,68.53,73.01936
2018-11-24 21:00:00,65.88,67.178406
2018-11-24 22:00:00,60.35,62.38811
2018-11-24 23:00:00,58.77,59.334248
2018-11-25 00:00:00,56.2,53.554253
2018-11-25 01:00:00,54.82,49.6157
2018-11-25 02:00:00,53.02,49.10519
2018-11-25 03:00:00,53.06,49.296547
2018-11-25 04:00:00,52.94,49.336323
2018-11-25 05:00:00,53.98,51.02625
2018-11-25 06:00:00,57.24,56.889767
2018-11-25 07:00:00,59.46,58.392567
2018-11-25 08:00:00,64.1,60.526447
2018-11-25 09:00:00,65.82,62.533092
2018-11-25 10:00:00,67.14,63.38212
2018-11-25 11:00:00,69.87,63.514214
2018-11-25 12:00:00,67.84,62.306866
2018-11-25 13:00:00,63.11,62.697105
2018-11-25 14:00:00,62.95,60.942482
2018-11-25 15:00:00,65.9,61.43179
2018-11-25 16:00:00,71.94,64.23672
2018-11-25 17:00:00,75.32,71.649635
2018-11-25 18:00:00,75.65,73.90503
2018-11-25 19:00:00,75.23,75.29397
2018-11-25 20:00:00,70.62,73.92076
2018-11-25 21:00:00,66.96,68.65985
2018-11-25 22:00:00,62.39,65.091095
2018-11-25 23:00:00,56.73,59.74629
2018-11-26 00:00:00,53.46,51.952873
2018-11-26 01:00:00,51.92,50.673553
2018-11-26 02:00:00,50.13,49.925613
2018-11-26 03:00:00,47.05,50.421585
2018-11-26 04:00:00,50.8,50.59228
2018-11-26 05:00:00,54.23,58.46845
2018-11-26 06:00:00,58.32,71.06465
2018-11-26 07:00:00,65.7,73.16469
2018-11-26 08:00:00,69.0,73.399216
2018-11-26 09:00:00,69.32,73.92408
2018-11-26 10:00:00,66.53,74.42267
2018-11-26 11:00:00,64.09,73.604774
2018-11-26 12:00:00,63.51,71.656685
2018-11-26 13:00:00,63.05,68.62763
2018-11-26 14:00:00,64.13,69.04425
2018-11-26 15:00:00,67.49,68.30371
2018-11-26 16:00:00,71.07,71.588684
2018-11-26 17:00:00,74.52,75.137634
2018-11-26 18:00:00,75.45,76.86151
2018-11-26 19:00:00,75.97,76.52174
2018-11-26 20:00:00,75.87,73.81535
2018-11-26 21:00:00,72.19,69.11688
2018-11-26 22:00:00,66.98,67.5951
2018-11-26 23:00:00,64.81,65.77989
2018-11-27 00:00:00,61.75,59.866722
2018-11-27 01:00:00,59.5,57.20745
2018-11-27 02:00:00,54.6,53.155445
2018-11-27 03:00:00,55.04,54.353577
2018-11-27 04:00:00,59.07,58.90319
2018-11-27 05:00:00,66.85,65.48905
2018-11-27 06:00:00,70.64,70.765594
2018-11-27 07:00:00,73.06,74.1572
2018-11-27 08:00:00,73.61,74.643196
2018-11-27 09:00:00,73.72,74.84277
2018-11-27 10:00:00,73.18,75.74076
2018-11-27 11:00:00,73.02,75.24206
2018-11-27 12:00:00,72.92,73.88623
2018-11-27 13:00:00,72.26,72.428314
2018-11-27 14:00:00,72.44,71.69305
2018-11-27 15:00:00,73.02,73.06494
2018-11-27 16:00:00,73.9,76.02693
2018-11-27 17:00:00,76.74,81.49944
2018-11-27 18:00:00,77.83,82.974754
2018-11-27 19:00:00,77.01,83.34457
2018-11-27 20:00:00,73.86,79.707825
2018-11-27 21:00:00,68.18,73.589264
2018-11-27 22:00:00,63.8,69.693474
2018-11-27 23:00:00,61.57,66.08162
2018-11-28 00:00:00,55.24,60.02884
2018-11-28 01:00:00,52.98,57.211113
2018-11-28 02:00:00,51.7,57.037346
2018-11-28 03:00:00,51.34,55.48043
2018-11-28 04:00:00,52.38,57.69796
2018-11-28 05:00:00,62.3,65.89712
2018-11-28 06:00:00,70.57,70.77711
2018-11-28 07:00:00,73.58,74.438934
2018-11-28 08:00:00,72.53,74.91704
2018-11-28 09:00:00,72.1,75.40563
2018-11-28 10:00:00,71.13,75.14683
2018-11-28 11:00:00,70.25,74.066414
2018-11-28 12:00:00,70.18,73.352844
2018-11-28 13:00:00,70.22,72.07289
2018-11-28 14:00:00,70.64,71.64428
2018-11-28 15:00:00,71.91,70.86113
2018-11-28 16:00:00,74.72,74.3369
2018-11-28 17:00:00,77.09,79.74463
2018-11-28 18:00:00,76.08,81.16872
2018-11-28 19:00:00,74.34,80.858864
2018-11-28 20:00:00,73.71,76.2865
2018-11-28 21:00:00,65.87,69.22443
2018-11-28 22:00:00,62.62,64.40102
2018-11-28 23:00:00,59.54,63.23448
2018-11-29 00:00:00,55.36,58.61871
2018-11-29 01:00:00,53.03,54.262394
2018-11-29 02:00:00,50.3,54.70134
2018-11-29 03:00:00,50.08,54.362144
2018-11-29 04:00:00,53.02,56.996086
2018-11-29 05:00:00,62.39,65.975685
2018-11-29 06:00:00,68.17,69.763794
2018-11-29 07:00:00,72.02,73.0857
2018-11-29 08:00:00,72.03,73.57526
2018-11-29 09:00:00,71.46,73.65333
2018-11-29 10:00:00,70.28,73.29969
2018-11-29 11:00:00,69.19,72.83645
2018-11-29 12:00:00,68.72,71.67535
2018-11-29 13:00:00,67.68,69.49767
2018-11-29 14:00:00,68.43,70.13533
2018-11-29 15:00:00,72.2,70.25261
2018-11-29 16:00:00,75.79,72.99695
2018-11-29 17:00:00,78.4,78.145874
2018-11-29 18:00:00,78.7,78.60309
2018-11-29 19:00:00,76.0,78.05872
2018-11-29 20:00:00,72.9,75.96078
2018-11-29 21:00:00,67.77,69.54908
2018-11-29 22:00:00,65.39,65.31847
2018-11-29 23:00:00,64.04,61.42397
2018-11-30 00:00:00,58.06,58.968037
2018-11-30 01:00:00,54.47,57.673283
2018-11-30 02:00:00,53.04,55.305798
2018-11-30 03:00:00,51.47,54.976456
2018-11-30 04:00:00,52.24,57.043976
2018-11-30 05:00:00,58.08,63.74329
2018-11-30 06:00:00,69.71,69.25801
2018-11-30 07:00:00,72.29,72.74374
2018-11-30 08:00:00,71.93,73.56887
2018-11-30 09:00:00,71.8,73.75732
2018-11-30 10:00:00,71.89,73.34084
2018-11-30 11:00:00,71.72,72.43833
2018-11-30 12:00:00,70.53,71.38507
2018-11-30 13:00:00,67.97,69.09305
2018-11-30 14:00:00,68.11,67.67006
2018-11-30 15:00:00,69.23,68.28853
2018-11-30 16:00:00,72.92,71.97845
2018-11-30 17:00:00,75.04,78.37582
2018-11-30 18:00:00,75.52,78.988106
2018-11-30 19:00:00,74.78,78.587875
2018-11-30 20:00:00,72.58,74.964424
2018-11-30 21:00:00,68.28,69.581
2018-11-30 22:00:00,68.01,65.656
2018-11-30 23:00:00,70.14,61.534847
2018-12-01 00:00:00,67.05,58.52798
2018-12-01 01:00:00,58.69,54.85895
2018-12-01 02:00:00,59.14,52.59981
2018-12-01 03:00:00,56.12,54.378242
2018-12-01 04:00:00,56.63,56.847675
2018-12-01 05:00:00,59.72,64.33387
2018-12-01 06:00:00,61.06,69.48253
2018-12-01 07:00:00,62.59,71.33695
2018-12-01 08:00:00,68.12,71.33834
2018-12-01 09:00:00,69.17,72.1293
2018-12-01 10:00:00,69.18,72.1856
2018-12-01 11:00:00,68.86,71.951096
2018-12-01 12:00:00,66.99,69.91385
2018-12-01 13:00:00,64.09,68.715965
2018-12-01 14:00:00,60.09,67.67686
2018-12-01 15:00:00,57.87,67.53046
2018-12-01 16:00:00,67.93,70.01816
2018-12-01 17:00:00,73.33,76.669014
2018-12-01 18:00:00,72.72,78.03622
2018-12-01 19:00:00,70.48,77.58342
2018-12-01 20:00:00,69.72,75.773254
2018-12-01 21:00:00,67.69,71.03651
2018-12-01 22:00:00,64.5,69.919876
2018-12-01 23:00:00,60.27,62.076366
2018-12-02 00:00:00,53.37,53.779137
2018-12-02 01:00:00,51.32,51.996265
2018-12-02 02:00:00,50.03,50.802876
2018-12-02 03:00:00,50.25,49.469955
2018-12-02 04:00:00,50.98,48.574898
2018-12-02 05:00:00,51.73,52.9966
2018-12-02 06:00:00,51.42,60.227238
2018-12-02 07:00:00,52.01,62.681763
2018-12-02 08:00:00,55.41,64.213326
2018-12-02 09:00:00,60.8,63.54989
2018-12-02 10:00:00,63.12,63.23746
2018-12-02 11:00:00,63.85,62.247303
2018-12-02 12:00:00,67.94,62.14955
2018-12-02 13:00:00,66.48,60.828583
2018-12-02 14:00:00,62.07,58.71213
2018-12-02 15:00:00,61.77,57.868843
2018-12-02 16:00:00,66.78,60.992268
2018-12-02 17:00:00,72.51,71.26592
2018-12-02 18:00:00,72.35,73.978645
2018-12-02 19:00:00,72.85,75.19839
2018-12-02 20:00:00,72.61,74.800415
2018-12-02 21:00:00,71.22,70.17741
2018-12-02 22:00:00,66.96,69.219635
2018-12-02 23:00:00,53.89,63.184647
2018-12-03 00:00:00,50.93,53.939907
2018-12-03 01:00:00,49.65,55.249084
2018-12-03 02:00:00,49.38,52.61468
2018-12-03 03:00:00,49.8,52.798904
2018-12-03 04:00:00,50.85,55.445072
2018-12-03 05:00:00,57.92,57.19763
2018-12-03 06:00:00,67.76,69.4318
2018-12-03 07:00:00,70.38,70.42329
2018-12-03 08:00:00,71.8,70.49333
2018-12-03 09:00:00,73.27,69.31013
2018-12-03 10:00:00,73.52,69.51557
2018-12-03 11:00:00,73.53,70.11908
2018-12-03 12:00:00,71.98,71.09388
2018-12-03 13:00:00,70.08,70.64859
2018-12-03 14:00:00,71.07,70.01142
2018-12-03 15:00:00,72.23,71.753044
2018-12-03 16:00:00,74.16,72.804535
2018-12-03 17:00:00,78.79,77.17115
2018-12-03 18:00:00,77.98,80.58616
2018-12-03 19:00:00,77.81,80.94005
2018-12-03 20:00:00,75.76,76.78378
2018-12-03 21:00:00,73.27,71.50201
2018-12-03 22:00:00,72.14,65.900406
2018-12-03 23:00:00,67.01,65.31138
2018-12-04 00:00:00,62.68,56.90081
2018-12-04 01:00:00,61.66,57.250267
2018-12-04 02:00:00,61.53,59.10453
2018-12-04 03:00:00,61.4,58.84554
2018-12-04 04:00:00,63.42,60.22272
2018-12-04 05:00:00,67.56,65.80802
2018-12-04 06:00:00,72.85,73.35782
2018-12-04 07:00:00,75.58,77.32888
2018-12-04 08:00:00,75.4,78.06844
2018-12-04 09:00:00,76.18,78.54443
2018-12-04 10:00:00,75.77,77.970406
2018-12-04 11:00:00,74.27,77.383835
2018-12-04 12:00:00,72.75,76.20762
2018-12-04 13:00:00,73.15,74.806915
2018-12-04 14:00:00,73.84,74.2156
2018-12-04 15:00:00,74.21,74.37882
2018-12-04 16:00:00,76.29,76.64614
2018-12-04 17:00:00,84.06,79.83636
2018-12-04 18:00:00,84.05,80.17209
2018-12-04 19:00:00,77.27,82.41101
2018-12-04 20:00:00,75.17,79.7767
2018-12-04 21:00:00,73.14,74.81779
2018-12-04 22:00:00,72.08,72.674
2018-12-04 23:00:00,67.07,72.75503
2018-12-05 00:00:00,61.32,66.64079
2018-12-05 01:00:00,58.65,64.281425
2018-12-05 02:00:00,56.37,61.634796
2018-12-05 03:00:00,55.21,60.56778
2018-12-05 04:00:00,58.42,60.93684
2018-12-05 05:00:00,61.78,64.99301
2018-12-05 06:00:00,69.68,68.98138
2018-12-05 07:00:00,72.89,75.69661
2018-12-05 08:00:00,72.52,76.445015
2018-12-05 09:00:00,73.99,75.10778
2018-12-05 10:00:00,73.17,74.490234
2018-12-05 11:00:00,73.07,74.79159
2018-12-05 12:00:00,71.3,73.67183
2018-12-05 13:00:00,70.88,74.04776
2018-12-05 14:00:00,70.51,73.55982
2018-12-05 15:00:00,70.73,73.14379
2018-12-05 16:00:00,73.21,75.76824
2018-12-05 17:00:00,76.3,78.89483
2018-12-05 18:00:00,73.61,81.38842
2018-12-05 19:00:00,72.8,80.72264
2018-12-05 20:00:00,71.19,76.07379
2018-12-05 21:00:00,69.46,70.26094
2018-12-05 22:00:00,67.19,67.72115
2018-12-05 23:00:00,61.05,69.78917
2018-12-06 00:00:00,57.22,62.84176
2018-12-06 01:00:00,53.47,59.43225
2018-12-06 02:00:00,53.2,59.79297
2018-12-06 03:00:00,53.15,58.553974
2018-12-06 04:00:00,53.4,60.097584
2018-12-06 05:00:00,58.53,62.658688
2018-12-06 06:00:00,67.74,67.46363
2018-12-06 07:00:00,67.75,71.4155
2018-12-06 08:00:00,69.0,71.44456
2018-12-06 09:00:00,70.23,71.54987
2018-12-06 10:00:00,70.34,71.36861
2018-12-06 11:00:00,69.63,71.227554
2018-12-06 12:00:00,68.93,69.85427
2018-12-06 13:00:00,68.19,68.261055
2018-12-06 14:00:00,64.99,67.9925
2018-12-06 15:00:00,66.45,67.214615
2018-12-06 16:00:00,71.53,68.80558
2018-12-06 17:00:00,73.61,72.389854
2018-12-06 18:00:00,71.89,73.811386
2018-12-06 19:00:00,70.54,72.7728
2018-12-06 20:00:00,69.98,70.48437
2018-12-06 21:00:00,68.75,65.97549
2018-12-06 22:00:00,67.7,63.566067
2018-12-06 23:00:00,68.13,67.29105
2018-12-07 00:00:00,66.46,60.900303
2018-12-07 01:00:00,60.18,59.59547
2018-12-07 02:00:00,57.95,58.78741
2018-12-07 03:00:00,55.85,58.28102
2018-12-07 04:00:00,57.51,60.63096
2018-12-07 05:00:00,64.15,64.42543
2018-12-07 06:00:00,67.74,69.24345
2018-12-07 07:00:00,70.9,70.84754
2018-12-07 08:00:00,68.94,73.617294
2018-12-07 09:00:00,70.23,73.828835
2018-12-07 10:00:00,70.02,73.80461
2018-12-07 11:00:00,69.17,74.14691
2018-12-07 12:00:00,68.58,70.38467
2018-12-07 13:00:00,67.72,68.953285
2018-12-07 14:00:00,65.88,69.8494
2018-12-07 15:00:00,65.43,69.75289
2018-12-07 16:00:00,68.53,72.466545
2018-12-07 17:00:00,71.94,77.264244
2018-12-07 18:00:00,71.83,78.20714
2018-12-07 19:00:00,72.12,77.02033
2018-12-07 20:00:00,70.35,74.23936
2018-12-07 21:00:00,69.0,68.20944
2018-12-07 22:00:00,67.09,66.54363
2018-12-07 23:00:00,58.41,65.058876
2018-12-08 00:00:00,54.95,60.949608
2018-12-08 01:00:00,52.97,58.99863
2018-12-08 02:00:00,52.91,56.249817
2018-12-08 03:00:00,52.56,56.31732
2018-12-08 04:00:00,53.05,56.319405
2018-12-08 05:00:00,53.01,56.304646
2018-12-08 06:00:00,54.94,58.688046
2018-12-08 07:00:00,63.69,59.376762
2018-12-08 08:00:00,67.81,61.858074
2018-12-08 09:00:00,67.82,62.24332
2018-12-08 10:00:00,67.93,62.62752
2018-12-08 11:00:00,67.99,62.4826
2018-12-08 12:00:00,68.75,61.77701
2018-12-08 13:00:00,68.56,59.34819
2018-12-08 14:00:00,67.93,59.060894
2018-12-08 15:00:00,67.85,57.595398
2018-12-08 16:00:00,68.11,61.47744
2018-12-08 17:00:00,71.59,68.051186
2018-12-08 18:00:00,72.32,68.766106
2018-12-08 19:00:00,72.96,70.7334
2018-12-08 20:00:00,73.11,71.26246
2018-12-08 21:00:00,71.36,67.77256
2018-12-08 22:00:00,68.97,66.569275
2018-12-08 23:00:00,68.03,63.915653
2018-12-09 00:00:00,63.22,57.134884
2018-12-09 01:00:00,58.46,55.956017
2018-12-09 02:00:00,56.27,55.49096
2018-12-09 03:00:00,55.45,53.758648
2018-12-09 04:00:00,55.33,55.3612
2018-12-09 05:00:00,55.64,57.962517
2018-12-09 06:00:00,55.02,64.18778
2018-12-09 07:00:00,56.61,64.854996
2018-12-09 08:00:00,61.65,65.444176
2018-12-09 09:00:00,67.08,65.838745
2018-12-09 10:00:00,67.34,65.37179
2018-12-09 11:00:00,67.33,65.44619
2018-12-09 12:00:00,69.27,65.33055
2018-12-09 13:00:00,69.21,64.80464
2018-12-09 14:00:00,65.23,64.30029
2018-12-09 15:00:00,64.22,64.86573
2018-12-09 16:00:00,69.24,67.46559
2018-12-09 17:00:00,71.22,72.55555
2018-12-09 18:00:00,70.08,75.31856
2018-12-09 19:00:00,71.55,75.3828
2018-12-09 20:00:00,71.83,74.46762
2018-12-09 21:00:00,69.86,71.25689
2018-12-09 22:00:00,67.87,69.837074
2018-12-09 23:00:00,66.08,57.568764
2018-12-10 00:00:00,59.51,53.068077
2018-12-10 01:00:00,55.86,52.26102
2018-12-10 02:00:00,55.12,51.51598
2018-12-10 03:00:00,53.81,52.187767
2018-12-10 04:00:00,54.25,53.544918
2018-12-10 05:00:00,58.69,59.03972
2018-12-10 06:00:00,67.06,66.75235
2018-12-10 07:00:00,71.03,69.656494
2018-12-10 08:00:00,70.72,70.0257
2018-12-10 09:00:00,71.1,70.77506
2018-12-10 10:00:00,70.65,70.17427
2018-12-10 11:00:00,70.86,68.36868
2018-12-10 12:00:00,69.99,65.78674
2018-12-10 13:00:00,69.28,64.36023
2018-12-10 14:00:00,69.27,65.1477
2018-12-10 15:00:00,69.76,65.12866
2018-12-10 16:00:00,73.48,70.582886
2018-12-10 17:00:00,77.65,75.66108
2018-12-10 18:00:00,76.23,75.727646
2018-12-10 19:00:00,75.54,76.1202
2018-12-10 20:00:00,74.16,73.01119
2018-12-10 21:00:00,71.91,68.5398
2018-12-10 22:00:00,69.53,65.87068
2018-12-10 23:00:00,68.77,66.107666
2018-12-11 00:00:00,64.42,59.39762
2018-12-11 01:00:00,62.07,57.732327
2018-12-11 02:00:00,59.53,59.09977
2018-12-11 03:00:00,59.68,58.471756
2018-12-11 04:00:00,59.74,60.91865
2018-12-11 05:00:00,63.86,68.03971
2018-12-11 06:00:00,70.55,73.358246
2018-12-11 07:00:00,75.29,75.39902
2018-12-11 08:00:00,75.5,75.136894
2018-12-11 09:00:00,75.12,76.689224
2018-12-11 10:00:00,73.3,76.6418
2018-12-11 11:00:00,71.07,76.95989
2018-12-11 12:00:00,70.17,75.0288
2018-12-11 13:00:00,70.99,72.87469
2018-12-11 14:00:00,72.74,72.76943
2018-12-11 15:00:00,72.99,72.959946
2018-12-11 16:00:00,74.78,75.649925
2018-12-11 17:00:00,78.11,79.72798
2018-12-11 18:00:00,78.38,79.92079
2018-12-11 19:00:00,75.88,79.44227
2018-12-11 20:00:00,73.48,77.12708
2018-12-11 21:00:00,69.62,71.86855
2018-12-11 22:00:00,68.36,67.149216
2018-12-11 23:00:00,66.1,65.89826
2018-12-12 00:00:00,59.84,62.303604
2018-12-12 01:00:00,57.45,58.865482
2018-12-12 02:00:00,54.62,59.715603
2018-12-12 03:00:00,55.02,59.316566
2018-12-12 04:00:00,56.93,62.449406
2018-12-12 05:00:00,69.83,66.84794
2018-12-12 06:00:00,71.56,71.229774
2018-12-12 07:00:00,76.08,75.429054
2018-12-12 08:00:00,76.39,76.13006
2018-12-12 09:00:00,77.29,76.84912
2018-12-12 10:00:00,77.26,76.88494
2018-12-12 11:00:00,75.9,76.2727
2018-12-12 12:00:00,74.82,75.29132
2018-12-12 13:00:00,73.95,74.05704
2018-12-12 14:00:00,73.85,73.688995
2018-12-12 15:00:00,73.7,73.67897
2018-12-12 16:00:00,74.65,76.08145
2018-12-12 17:00:00,77.02,80.2947
2018-12-12 18:00:00,75.75,80.41409
2018-12-12 19:00:00,75.51,80.054
2018-12-12 20:00:00,72.29,76.26708
2018-12-12 21:00:00,68.3,71.164444
2018-12-12 22:00:00,62.48,66.63349
2018-12-12 23:00:00,58.17,61.550835
2018-12-13 00:00:00,55.19,55.44733
2018-12-13 01:00:00,52.11,52.860752
2018-12-13 02:00:00,51.24,52.32963
2018-12-13 03:00:00,50.73,53.26489
2018-12-13 04:00:00,51.02,54.38412
2018-12-13 05:00:00,55.6,61.46995
2018-12-13 06:00:00,65.51,68.08459
2018-12-13 07:00:00,72.21,72.13038
2018-12-13 08:00:00,73.02,72.24253
2018-12-13 09:00:00,74.32,72.79086
2018-12-13 10:00:00,73.57,73.42475
2018-12-13 11:00:00,73.64,72.76058
2018-12-13 12:00:00,71.53,70.052574
2018-12-13 13:00:00,69.59,67.98958
2018-12-13 14:00:00,66.78,67.597916
2018-12-13 15:00:00,65.61,66.34223
2018-12-13 16:00:00,68.23,69.50581
2018-12-13 17:00:00,73.77,74.28738
2018-12-13 18:00:00,74.46,74.99333
2018-12-13 19:00:00,75.01,75.29329
2018-12-13 20:00:00,73.3,73.59446
2018-12-13 21:00:00,70.83,67.17775
2018-12-13 22:00:00,64.79,65.04
2018-12-13 23:00:00,56.12,61.91003
2018-12-14 00:00:00,55.0,56.327232
2018-12-14 01:00:00,53.26,52.18535
2018-12-14 02:00:00,52.8,50.327366
2018-12-14 03:00:00,52.98,52.957966
2018-12-14 04:00:00,54.55,58.460293
2018-12-14 05:00:00,57.02,64.00675
2018-12-14 06:00:00,67.84,69.78359
2018-12-14 07:00:00,72.68,72.61998
2018-12-14 08:00:00,73.18,73.58991
2018-12-14 09:00:00,74.71,73.347115
2018-12-14 10:00:00,74.16,72.885414
2018-12-14 11:00:00,72.28,72.72491
2018-12-14 12:00:00,69.85,70.642365
2018-12-14 13:00:00,67.86,68.38431
2018-12-14 14:00:00,67.5,67.66123
2018-12-14 15:00:00,69.22,68.7607
2018-12-14 16:00:00,72.51,72.603325
2018-12-14 17:00:00,76.14,78.04906
2018-12-14 18:00:00,76.53,78.90703
2018-12-14 19:00:00,76.21,78.45729
2018-12-14 20:00:00,74.4,75.39807
2018-12-14 21:00:00,72.72,69.47143
2018-12-14 22:00:00,70.86,66.807915
2018-12-14 23:00:00,69.13,66.08139
2018-12-15 00:00:00,64.12,59.57463
2018-12-15 01:00:00,61.15,59.23229
2018-12-15 02:00:00,56.67,57.597725
2018-12-15 03:00:00,55.21,54.585476
2018-12-15 04:00:00,54.69,54.123413
2018-12-15 05:00:00,56.0,56.787342
2018-12-15 06:00:00,60.27,62.230045
2018-12-15 07:00:00,61.86,65.32007
2018-12-15 08:00:00,68.37,67.44769
2018-12-15 09:00:00,69.92,69.427536
2018-12-15 10:00:00,69.36,69.26933
2018-12-15 11:00:00,68.54,69.4674
2018-12-15 12:00:00,67.99,68.12686
2018-12-15 13:00:00,63.58,64.35663
2018-12-15 14:00:00,63.56,63.72102
2018-12-15 15:00:00,63.85,64.38569
2018-12-15 16:00:00,67.74,67.777985
2018-12-15 17:00:00,72.48,76.53204
2018-12-15 18:00:00,72.84,76.992035
2018-12-15 19:00:00,66.61,75.15532
2018-12-15 20:00:00,65.37,72.54229
2018-12-15 21:00:00,65.76,68.03674
2018-12-15 22:00:00,64.76,67.01582
2018-12-15 23:00:00,59.68,65.55646
2018-12-16 00:00:00,56.25,55.54028
2018-12-16 01:00:00,53.88,52.59242
2018-12-16 02:00:00,51.5,50.593456
2018-12-16 03:00:00,49.72,48.05491
2018-12-16 04:00:00,51.97,47.464294
2018-12-16 05:00:00,53.64,50.117535
2018-12-16 06:00:00,55.48,54.82148
2018-12-16 07:00:00,56.52,55.606236
2018-12-16 08:00:00,62.46,56.67423
2018-12-16 09:00:00,63.38,58.27557
2018-12-16 10:00:00,63.62,59.541534
2018-12-16 11:00:00,62.72,59.161842
2018-12-16 12:00:00,62.71,58.65019
2018-12-16 13:00:00,63.1,58.298874
2018-12-16 14:00:00,59.78,55.987316
2018-12-16 15:00:00,62.4,57.80217
2018-12-16 16:00:00,66.72,61.95817
2018-12-16 17:00:00,72.8,69.81935
2018-12-16 18:00:00,73.34,74.71937
2018-12-16 19:00:00,73.65,75.54559
2018-12-16 20:00:00,69.89,74.15196
2018-12-16 21:00:00,70.68,68.25168
2018-12-16 22:00:00,62.52,66.599754
2018-12-16 23:00:00,56.16,61.328503
2018-12-17 00:00:00,54.87,56.500904
2018-12-17 01:00:00,53.21,53.48044
2018-12-17 02:00:00,52.25,52.26689
2018-12-17 03:00:00,53.03,51.59339
2018-12-17 04:00:00,55.59,55.906624
2018-12-17 05:00:00,68.21,64.39103
2018-12-17 06:00:00,72.25,71.819954
2018-12-17 07:00:00,74.48,75.08643
2018-12-17 08:00:00,75.12,76.350296
2018-12-17 09:00:00,76.39,77.52728
2018-12-17 10:00:00,76.96,77.48068
2018-12-17 11:00:00,76.94,77.217606
2018-12-17 12:00:00,75.38,76.477936
2018-12-17 13:00:00,74.61,75.26068
2018-12-17 14:00:00,74.29,75.16505
2018-12-17 15:00:00,74.23,75.48588
2018-12-17 16:00:00,75.43,78.311806
2018-12-17 17:00:00,78.44,83.61973
2018-12-17 18:00:00,78.65,83.68127
2018-12-17 19:00:00,78.69,83.76058
2018-12-17 20:00:00,74.58,78.9134
2018-12-17 21:00:00,69.78,74.010574
2018-12-17 22:00:00,64.05,67.571625
2018-12-17 23:00:00,56.6,67.399376
2018-12-18 00:00:00,54.5,59.75151
2018-12-18 01:00:00,53.18,55.57617
2018-12-18 02:00:00,52.23,55.785427
2018-12-18 03:00:00,52.17,56.0205
2018-12-18 04:00:00,54.81,57.130367
2018-12-18 05:00:00,62.61,63.736084
2018-12-18 06:00:00,69.22,70.744644
2018-12-18 07:00:00,72.94,74.6134
2018-12-18 08:00:00,72.95,76.78426
2018-12-18 09:00:00,74.07,77.0399
2018-12-18 10:00:00,72.61,76.176125
2018-12-18 11:00:00,72.62,75.780525
2018-12-18 12:00:00,71.45,73.616974
2018-12-18 13:00:00,71.38,70.978386
2018-12-18 14:00:00,71.47,70.5905
2018-12-18 15:00:00,71.22,71.02704
2018-12-18 16:00:00,72.67,73.32815
2018-12-18 17:00:00,75.08,79.360214
2018-12-18 18:00:00,75.54,80.38682
2018-12-18 19:00:00,73.76,78.056496
2018-12-18 20:00:00,72.58,76.136734
2018-12-18 21:00:00,68.99,68.42005
2018-12-18 22:00:00,63.87,65.17256
2018-12-18 23:00:00,58.04,61.05955
2018-12-19 00:00:00,54.04,57.83847
2018-12-19 01:00:00,51.32,56.275486
2018-12-19 02:00:00,50.28,54.998085
2018-12-19 03:00:00,49.25,54.759792
2018-12-19 04:00:00,51.64,54.72455
2018-12-19 05:00:00,55.95,63.677975
2018-12-19 06:00:00,66.93,69.32657
2018-12-19 07:00:00,70.7,71.6767
2018-12-19 08:00:00,72.19,72.54469
2018-12-19 09:00:00,71.85,72.31425
2018-12-19 10:00:00,71.66,72.567085
2018-12-19 11:00:00,71.56,71.72598
2018-12-19 12:00:00,69.99,69.15879
2018-12-19 13:00:00,69.51,66.961044
2018-12-19 14:00:00,69.97,66.98733
2018-12-19 15:00:00,70.01,67.620544
2018-12-19 16:00:00,72.32,71.10055
2018-12-19 17:00:00,78.99,76.45102
2018-12-19 18:00:00,78.44,77.95691
2018-12-19 19:00:00,76.31,78.149124
2018-12-19 20:00:00,71.04,74.90654
2018-12-19 21:00:00,68.26,68.9253
2018-12-19 22:00:00,65.03,64.868935
2018-12-19 23:00:00,66.69,63.81873
2018-12-20 00:00:00,60.65,55.97917
2018-12-20 01:00:00,57.29,55.241894
2018-12-20 02:00:00,57.0,54.706715
2018-12-20 03:00:00,56.74,56.666
2018-12-20 04:00:00,57.79,59.820015
2018-12-20 05:00:00,64.07,65.50576
2018-12-20 06:00:00,69.11,71.00035
2018-12-20 07:00:00,73.56,74.76319
2018-12-20 08:00:00,73.69,75.850975
2018-12-20 09:00:00,73.59,75.78263
2018-12-20 10:00:00,73.08,75.823944
2018-12-20 11:00:00,71.89,75.25939
2018-12-20 12:00:00,70.69,73.771324
2018-12-20 13:00:00,70.13,71.632614
2018-12-20 14:00:00,70.16,71.24781
2018-12-20 15:00:00,70.23,71.197975
2018-12-20 16:00:00,73.35,74.86668
2018-12-20 17:00:00,76.17,79.94383
2018-12-20 18:00:00,75.18,80.390396
2018-12-20 19:00:00,75.29,80.36291
2018-12-20 20:00:00,73.63,77.458305
2018-12-20 21:00:00,70.33,71.22586
2018-12-20 22:00:00,68.55,68.85416
2018-12-20 23:00:00,64.24,67.982
2018-12-21 00:00:00,58.44,61.362717
2018-12-21 01:00:00,56.47,59.16045
2018-12-21 02:00:00,54.91,58.478348
2018-12-21 03:00:00,54.68,57.867985
2018-12-21 04:00:00,55.13,59.06277
2018-12-21 05:00:00,59.24,64.33447
2018-12-21 06:00:00,67.29,70.218765
2018-12-21 07:00:00,70.02,73.76543
2018-12-21 08:00:00,69.74,74.088875
2018-12-21 09:00:00,70.77,74.02246
2018-12-21 10:00:00,70.63,73.57005
2018-12-21 11:00:00,69.72,73.20681
2018-12-21 12:00:00,68.74,71.740036
2018-12-21 13:00:00,66.36,68.57989
2018-12-21 14:00:00,66.4,67.76757
2018-12-21 15:00:00,66.57,67.45057
2018-12-21 16:00:00,70.01,70.16992
2018-12-21 17:00:00,72.91,77.238235
2018-12-21 18:00:00,73.33,77.12406
2018-12-21 19:00:00,73.75,77.25124
2018-12-21 20:00:00,71.38,75.12805
2018-12-21 21:00:00,69.31,69.32059
2018-12-21 22:00:00,68.18,66.45677
2018-12-21 23:00:00,67.3,64.11966
2018-12-22 00:00:00,62.44,59.258713
2018-12-22 01:00:00,59.4,57.386818
2018-12-22 02:00:00,59.24,56.218838
2018-12-22 03:00:00,59.06,56.495472
2018-12-22 04:00:00,59.11,56.36831
2018-12-22 05:00:00,59.82,57.47694
2018-12-22 06:00:00,63.31,62.00778
2018-12-22 07:00:00,62.98,65.060555
2018-12-22 08:00:00,67.45,67.551575
2018-12-22 09:00:00,68.7,68.91091
2018-12-22 10:00:00,68.59,68.502304
2018-12-22 11:00:00,68.88,68.51051
2018-12-22 12:00:00,69.05,67.45463
2018-12-22 13:00:00,69.08,67.75446
2018-12-22 14:00:00,69.11,67.32961
2018-12-22 15:00:00,68.95,66.13427
2018-12-22 16:00:00,70.76,70.00549
2018-12-22 17:00:00,73.16,75.84235
2018-12-22 18:00:00,72.99,76.52413
2018-12-22 19:00:00,72.92,77.23761
2018-12-22 20:00:00,72.87,75.471954
2018-12-22 21:00:00,71.09,71.21985
2018-12-22 22:00:00,70.74,69.15385
2018-12-22 23:00:00,70.56,67.39986
2018-12-23 00:00:00,67.95,61.0683
2018-12-23 01:00:00,63.24,59.896996
2018-12-23 02:00:00,60.56,58.401104
2018-12-23 03:00:00,60.4,56.54508
2018-12-23 04:00:00,59.77,56.86155
2018-12-23 05:00:00,60.61,57.70401
2018-12-23 06:00:00,62.84,63.08156
2018-12-23 07:00:00,63.6,65.108025
2018-12-23 08:00:00,68.11,66.78263
2018-12-23 09:00:00,68.93,67.602165
2018-12-23 10:00:00,68.89,68.19355
2018-12-23 11:00:00,69.63,67.54776
2018-12-23 12:00:00,70.41,68.80502
2018-12-23 13:00:00,70.64,67.75688
2018-12-23 14:00:00,69.49,66.17595
2018-12-23 15:00:00,69.1,65.93058
2018-12-23 16:00:00,70.05,69.25235
2018-12-23 17:00:00,73.18,75.69558
2018-12-23 18:00:00,73.06,78.21456
2018-12-23 19:00:00,73.32,77.21649
2018-12-23 20:00:00,74.07,76.99489
2018-12-23 21:00:00,71.43,75.19266
2018-12-23 22:00:00,69.51,72.24685
2018-12-23 23:00:00,71.23,69.78278
2018-12-24 00:00:00,68.66,64.0362
2018-12-24 01:00:00,64.95,62.078506
2018-12-24 02:00:00,60.82,61.71425
2018-12-24 03:00:00,60.59,61.37239
2018-12-24 04:00:00,59.86,61.57942
2018-12-24 05:00:00,64.46,66.48235
2018-12-24 06:00:00,65.93,71.38677
2018-12-24 07:00:00,71.85,75.083084
2018-12-24 08:00:00,72.6,77.109695
2018-12-24 09:00:00,73.42,77.45222
2018-12-24 10:00:00,73.45,76.93628
2018-12-24 11:00:00,73.38,76.428055
2018-12-24 12:00:00,72.3,75.45557
2018-12-24 13:00:00,71.16,74.21741
2018-12-24 14:00:00,69.63,74.51057
2018-12-24 15:00:00,69.06,74.51756
2018-12-24 16:00:00,74.26,75.856804
2018-12-24 17:00:00,76.47,79.494606
2018-12-24 18:00:00,75.3,80.035515
2018-12-24 19:00:00,74.95,78.867195
2018-12-24 20:00:00,73.16,75.273224
2018-12-24 21:00:00,70.39,73.161644
2018-12-24 22:00:00,70.2,71.02734
2018-12-24 23:00:00,71.98,70.40027
2018-12-25 00:00:00,70.24,63.80448
2018-12-25 01:00:00,66.35,61.697216
2018-12-25 02:00:00,62.1,59.82789
2018-12-25 03:00:00,61.22,59.497814
2018-12-25 04:00:00,61.65,60.24187
2018-12-25 05:00:00,61.28,62.455368
2018-12-25 06:00:00,61.67,68.31098
2018-12-25 07:00:00,62.55,72.405426
2018-12-25 08:00:00,66.8,72.90026
2018-12-25 09:00:00,69.04,74.45147
2018-12-25 10:00:00,71.02,76.03781
2018-12-25 11:00:00,71.62,75.08798
2018-12-25 12:00:00,72.41,74.381165
2018-12-25 13:00:00,71.73,72.44272
2018-12-25 14:00:00,68.79,72.16928
2018-12-25 15:00:00,68.53,72.1009
2018-12-25 16:00:00,69.18,73.87103
2018-12-25 17:00:00,71.73,77.40535
2018-12-25 18:00:00,71.94,76.28675
2018-12-25 19:00:00,73.05,75.62493
2018-12-25 20:00:00,73.94,73.2878
2018-12-25 21:00:00,71.98,69.66257
2018-12-25 22:00:00,69.12,67.97689
2018-12-25 23:00:00,65.64,67.53999
2018-12-26 00:00:00,59.61,60.255177
2018-12-26 01:00:00,56.2,58.545593
2018-12-26 02:00:00,54.74,56.6886
2018-12-26 03:00:00,54.58,56.97841
2018-12-26 04:00:00,56.09,57.152718
2018-12-26 05:00:00,59.52,60.40798
2018-12-26 06:00:00,64.66,66.11385
2018-12-26 07:00:00,69.88,68.10712
2018-12-26 08:00:00,72.01,69.94947
2018-12-26 09:00:00,73.11,69.66577
2018-12-26 10:00:00,73.08,71.73089
2018-12-26 11:00:00,73.36,71.12632
2018-12-26 12:00:00,72.47,70.15398
2018-12-26 13:00:00,72.44,68.16965
2018-12-26 14:00:00,71.92,68.492584
2018-12-26 15:00:00,72.24,68.74089
2018-12-26 16:00:00,74.15,73.945076
2018-12-26 17:00:00,78.5,78.94575
2018-12-26 18:00:00,78.09,80.14679
2018-12-26 19:00:00,77.62,79.80612
2018-12-26 20:00:00,75.29,76.72538
2018-12-26 21:00:00,72.95,70.06291
2018-12-26 22:00:00,72.18,67.5365
2018-12-26 23:00:00,72.61,68.01477
2018-12-27 00:00:00,70.82,63.214058
2018-12-27 01:00:00,67.18,60.66739
2018-12-27 02:00:00,64.09,58.366215
2018-12-27 03:00:00,63.2,58.548542
2018-12-27 04:00:00,65.87,60.86559
2018-12-27 05:00:00,69.31,65.15298
2018-12-27 06:00:00,71.02,71.69025
2018-12-27 07:00:00,73.2,74.02215
2018-12-27 08:00:00,73.91,78.247406
2018-12-27 09:00:00,74.98,78.82413
2018-12-27 10:00:00,74.85,78.3714
2018-12-27 11:00:00,74.64,78.00024
2018-12-27 12:00:00,73.28,77.698586
2018-12-27 13:00:00,73.29,76.483604
2018-12-27 14:00:00,73.3,75.50907
2018-12-27 15:00:00,74.6,75.52089
2018-12-27 16:00:00,77.94,80.68332
2018-12-27 17:00:00,81.12,84.6477
2018-12-27 18:00:00,80.1,85.829216
2018-12-27 19:00:00,78.99,84.42828
2018-12-27 20:00:00,77.65,79.9939
2018-12-27 21:00:00,73.28,76.662964
2018-12-27 22:00:00,73.48,69.42613
2018-12-27 23:00:00,70.93,70.18699
2018-12-28 00:00:00,68.61,65.1654
2018-12-28 01:00:00,64.19,59.478985
2018-12-28 02:00:00,62.53,57.40485
2018-12-28 03:00:00,59.78,57.588345
2018-12-28 04:00:00,59.82,58.85437
2018-12-28 05:00:00,64.27,65.428505
2018-12-28 06:00:00,66.81,70.45298
2018-12-28 07:00:00,71.38,73.97454
2018-12-28 08:00:00,72.98,75.05101
2018-12-28 09:00:00,74.33,77.283585
2018-12-28 10:00:00,72.85,77.8622
2018-12-28 11:00:00,72.78,75.80751
2018-12-28 12:00:00,70.44,73.91697
2018-12-28 13:00:00,70.67,72.093506
2018-12-28 14:00:00,68.98,70.99403
2018-12-28 15:00:00,71.57,72.70052
2018-12-28 16:00:00,74.27,78.32176
2018-12-28 17:00:00,78.26,82.91723
2018-12-28 18:00:00,77.1,83.08478
2018-12-28 19:00:00,73.6,79.12727
2018-12-28 20:00:00,69.21,75.96392
2018-12-28 21:00:00,67.53,72.28403
2018-12-28 22:00:00,64.08,68.676216
2018-12-28 23:00:00,65.49,66.9669
2018-12-29 00:00:00,60.22,60.787117
2018-12-29 01:00:00,55.76,56.90714
2018-12-29 02:00:00,54.93,55.87742
2018-12-29 03:00:00,54.17,56.405468
2018-12-29 04:00:00,54.15,54.42013
2018-12-29 05:00:00,54.39,54.705597
2018-12-29 06:00:00,55.5,60.009857
2018-12-29 07:00:00,58.78,63.679356
2018-12-29 08:00:00,65.46,64.55826
2018-12-29 09:00:00,66.87,68.39041
2018-12-29 10:00:00,65.13,67.25016
2018-12-29 11:00:00,64.47,67.0938
2018-12-29 12:00:00,63.24,65.81848
2018-12-29 13:00:00,60.89,64.54559
2018-12-29 14:00:00,58.75,63.789543
2018-12-29 15:00:00,59.16,63.26548
2018-12-29 16:00:00,64.19,66.514
2018-12-29 17:00:00,70.49,72.82435
2018-12-29 18:00:00,71.01,73.83467
2018-12-29 19:00:00,70.72,74.34843
2018-12-29 20:00:00,70.34,72.02455
2018-12-29 21:00:00,68.65,66.48405
2018-12-29 22:00:00,68.31,65.06881
2018-12-29 23:00:00,67.38,60.37989
2018-12-30 00:00:00,57.69,56.467438
2018-12-30 01:00:00,56.27,54.91843
2018-12-30 02:00:00,55.4,52.79802
2018-12-30 03:00:00,55.15,51.948776
2018-12-30 04:00:00,55.13,52.21657
2018-12-30 05:00:00,55.34,53.559574
2018-12-30 06:00:00,56.35,57.512436
2018-12-30 07:00:00,57.7,59.971825
2018-12-30 08:00:00,61.77,62.509712
2018-12-30 09:00:00,65.5,63.687878
2018-12-30 10:00:00,65.67,63.702267
2018-12-30 11:00:00,67.09,62.767426
2018-12-30 12:00:00,69.4,63.10507
2018-12-30 13:00:00,69.9,61.749813
2018-12-30 14:00:00,66.97,61.7257
2018-12-30 15:00:00,65.48,61.19427
2018-12-30 16:00:00,68.2,66.01932
2018-12-30 17:00:00,71.43,73.19575
2018-12-30 18:00:00,72.37,75.84434
2018-12-30 19:00:00,73.35,76.674
2018-12-30 20:00:00,73.64,75.815475
2018-12-30 21:00:00,71.92,73.17059
2018-12-30 22:00:00,69.49,70.588326
2018-12-30 23:00:00,68.4,66.15761
2018-12-31 00:00:00,60.32,59.39129
2018-12-31 01:00:00,57.73,58.50688
2018-12-31 02:00:00,57.66,57.805832
2018-12-31 03:00:00,57.04,57.76316
2018-12-31 04:00:00,57.48,59.21298
2018-12-31 05:00:00,61.13,63.510494
2018-12-31 06:00:00,60.7,68.64224
2018-12-31 07:00:00,66.64,71.679214
2018-12-31 08:00:00,70.33,73.07844
2018-12-31 09:00:00,72.12,74.82068
2018-12-31 10:00:00,71.81,74.85585
2018-12-31 11:00:00,72.42,73.8232
2018-12-31 12:00:00,71.8,72.01719
2018-12-31 13:00:00,71.95,70.29003
2018-12-31 14:00:00,70.85,71.27912
2018-12-31 15:00:00,71.36,71.39647
2018-12-31 16:00:00,75.13,74.01807
2018-12-31 17:00:00,77.61,76.47694
2018-12-31 18:00:00,77.02,78.92663
2018-12-31 19:00:00,76.16,78.93125
2018-12-31 20:00:00,74.3,74.874825
2018-12-31 21:00:00,69.89,71.83706
2018-12-31 22:00:00,69.88,69.438515
